order_id,order_date,customer_id,category,product,quantity,unit_price,region,payment_method,rating,revenue
ORD10000,2025-09-28,CUST0100,Fashion,Sunglasses,2,533.03,North,Debit Card,3.0,1066.06
ORD10001,2025-07-11,CUST0170,Beauty,Moisturizer,3,166.3,North,Net Banking,4.0,498.90000000000003
ORD10002,2025-12-30,CUST0388,Electronics,Bluetooth Speaker,1,1980.04,West,Credit Card,4.0,1980.04
ORD10003,2025-12-06,CUST0050,Electronics,Smartphone Case,1,2207.16,East,UPI,5.0,2207.16
ORD10004,2025-07-10,CUST0462,Home & Kitchen,Coffee Mug,2,1403.66,North,UPI,4.0,2807.32
ORD10005,2025-02-22,CUST0345,Fashion,Denim Jeans,1,1209.55,West,Debit Card,4.0,1209.55
ORD10006,2025-03-22,CUST0201,Electronics,Bluetooth Speaker,2,2474.44,East,UPI,3.0,4948.88
ORD10007,2025-04-09,CUST0005,Fashion,Sunglasses,1,1140.87,South,Debit Card,4.0,1140.87
ORD10008,2025-02-11,CUST0407,Home & Kitchen,LED Desk Lamp,1,816.98,East,Credit Card,4.0,816.98
ORD10009,2025-08-31,CUST0044,Sports,Skipping Rope,1,1655.43,South,Cash on Delivery,4.0,1655.43
ORD10010,2025-08-19,CUST0198,Electronics,Wireless Earbuds,2,1179.33,South,Credit Card,4.0,2358.66
ORD10011,2025-06-01,CUST0052,Electronics,Power Bank,2,1307.01,North,Debit Card,5.0,2614.02
ORD10012,2025-07-06,CUST0130,Electronics,Wireless Earbuds,1,1755.7,South,Credit Card,5.0,1755.7
ORD10013,2025-07-03,CUST0240,Home & Kitchen,Water Bottle,1,1021.0,West,UPI,5.0,1021.0
ORD10014,2025-05-28,CUST0417,Home & Kitchen,Water Bottle,1,1251.35,South,Credit Card,5.0,1251.35
ORD10015,2025-05-31,CUST0369,Home & Kitchen,Non-stick Pan,1,426.44,North,UPI,5.0,426.44
ORD10016,2025-01-09,CUST0116,Sports,Skipping Rope,1,1802.6,North,UPI,5.0,1802.6
ORD10017,2025-04-22,CUST0208,Home & Kitchen,Water Bottle,1,408.05,West,UPI,1.0,408.05
ORD10018,2025-05-15,CUST0158,Fashion,Backpack,2,1112.81,West,Credit Card,5.0,2225.62
ORD10019,2025-10-04,CUST0035,Home & Kitchen,LED Desk Lamp,1,452.82,East,UPI,,452.82
ORD10020,2025-01-06,CUST0116,Fashion,Sunglasses,1,1691.48,North,Credit Card,5.0,1691.48
ORD10021,2025-10-08,CUST0151,Fashion,Denim Jeans,1,1694.03,North,Credit Card,5.0,1694.03
ORD10022,2025-10-26,CUST0316,Beauty,Face Wash,2,341.16,South,Credit Card,5.0,682.32
ORD10023,2025-05-23,CUST0125,Home & Kitchen,Storage Box,1,245.72,West,Cash on Delivery,4.0,245.72
ORD10024,2025-04-11,CUST0372,Electronics,Bluetooth Speaker,1,2423.98,South,Debit Card,3.0,2423.98
ORD10025,2025-05-04,CUST0474,Electronics,Smartphone Case,2,601.67,West,Cash on Delivery,5.0,1203.34
ORD10026,2025-05-02,CUST0272,Fashion,Denim Jeans,1,1122.84,South,Debit Card,4.0,1122.84
ORD10027,2025-03-17,CUST0094,Beauty,Lipstick,1,217.85,West,Debit Card,4.0,217.85
ORD10028,2025-02-08,CUST0180,Electronics,Smartwatch,1,1660.68,South,Debit Card,5.0,1660.68
ORD10029,2025-01-04,CUST0396,Beauty,Sunscreen,1,626.3,South,Debit Card,4.0,626.3
ORD10030,2025-09-25,CUST0386,Home & Kitchen,Coffee Mug,1,453.53,North,Debit Card,4.0,453.53
ORD10031,2025-03-31,CUST0376,Home & Kitchen,Coffee Mug,1,1099.76,East,Cash on Delivery,4.0,1099.76
ORD10032,2025-07-11,CUST0224,Electronics,Wireless Earbuds,1,2328.12,West,Credit Card,5.0,2328.12
ORD10033,2025-10-13,CUST0396,Beauty,Face Wash,2,820.64,West,Cash on Delivery,4.0,1641.28
ORD10034,2025-12-05,CUST0053,Sports,Cricket Bat,1,621.27,West,Cash on Delivery,3.0,621.27
ORD10035,2025-05-13,CUST0401,Fashion,Denim Jeans,2,1357.75,North,UPI,5.0,2715.5
ORD10036,2025-10-10,CUST0145,Electronics,Smartphone Case,2,702.37,West,Net Banking,5.0,1404.74
ORD10037,2025-12-30,CUST0220,Fashion,Running Shoes,1,1658.53,East,Debit Card,5.0,1658.53
ORD10038,2025-12-14,CUST0044,Beauty,Face Wash,3,316.7,West,Credit Card,4.0,950.0999999999999
ORD10039,2025-07-22,CUST0143,Electronics,Smartwatch,2,1131.48,South,Debit Card,5.0,2262.96
ORD10040,2025-01-12,CUST0164,Sports,Yoga Mat,3,545.94,South,UPI,5.0,1637.8200000000002
ORD10041,2025-08-16,CUST0413,Electronics,Wireless Earbuds,3,2244.4,North,UPI,,6733.200000000001
ORD10042,2025-10-30,CUST0374,Fashion,Sunglasses,2,1613.99,West,Net Banking,4.0,3227.98
ORD10043,2025-12-08,CUST0311,Home & Kitchen,Non-stick Pan,2,246.87,West,Cash on Delivery,,493.74
ORD10044,2025-01-23,CUST0051,Sports,Football,2,475.03,North,UPI,5.0,950.06
ORD10045,2025-12-14,CUST0449,Beauty,Moisturizer,1,772.53,South,Credit Card,5.0,772.53
ORD10046,2025-12-07,CUST0338,Fashion,Sunglasses,1,1653.73,South,Credit Card,,1653.73
ORD10047,2025-12-01,CUST0330,Fashion,Cotton T-Shirt,1,1592.55,East,,2.0,1592.55
ORD10048,2025-07-24,CUST0459,Home & Kitchen,LED Desk Lamp,1,897.44,North,Debit Card,4.0,897.44
ORD10049,2025-12-18,CUST0092,Fashion,Running Shoes,1,557.48,South,UPI,5.0,557.48
ORD10050,2025-12-12,CUST0214,Home & Kitchen,Storage Box,2,617.06,North,Cash on Delivery,,1234.12
ORD10051,2025-10-19,CUST0474,Electronics,Smartphone Case,2,2369.65,East,Credit Card,5.0,4739.3
ORD10052,2025-11-08,CUST0294,Electronics,Bluetooth Speaker,1,2216.91,South,UPI,4.0,2216.91
ORD10053,2025-02-08,CUST0068,Fashion,Denim Jeans,1,790.25,South,Debit Card,4.0,790.25
ORD10054,2025-04-21,CUST0226,Home & Kitchen,LED Desk Lamp,2,567.91,North,Credit Card,4.0,1135.82
ORD10055,2025-05-30,CUST0152,Sports,Football,1,1659.26,West,UPI,5.0,1659.26
ORD10056,2025-08-11,CUST0435,Fashion,Backpack,2,1675.09,West,Debit Card,5.0,3350.18
ORD10057,2025-10-27,CUST0001,Fashion,Sunglasses,1,1365.43,East,UPI,5.0,1365.43
ORD10058,2025-11-29,CUST0013,Electronics,Power Bank,1,628.56,East,UPI,3.0,628.56
ORD10059,2025-02-07,CUST0376,Electronics,Wireless Earbuds,1,1371.17,West,UPI,4.0,1371.17
ORD10060,2025-11-16,CUST0339,Sports,Cricket Bat,2,575.21,East,Credit Card,4.0,1150.42
ORD10061,2025-10-23,CUST0153,Sports,Yoga Mat,1,1016.8,South,Credit Card,5.0,1016.8
ORD10062,2025-02-08,CUST0157,Electronics,Bluetooth Speaker,1,2848.58,South,Debit Card,5.0,2848.58
ORD10063,2025-04-07,CUST0330,Sports,Yoga Mat,2,1113.47,South,Cash on Delivery,3.0,2226.94
ORD10064,2025-07-03,CUST0115,Beauty,Hair Serum,1,727.91,East,Credit Card,4.0,727.91
ORD10065,2025-09-11,CUST0141,Fashion,Running Shoes,2,900.28,North,UPI,4.0,1800.56
ORD10066,2025-12-22,CUST0393,Beauty,Lipstick,2,727.44,South,Debit Card,,1454.88
ORD10067,2025-10-29,CUST0371,Sports,Yoga Mat,1,794.03,East,Credit Card,3.0,794.03
ORD10068,2025-11-09,CUST0210,Fashion,Backpack,1,896.25,South,Cash on Delivery,5.0,896.25
ORD10069,2025-06-28,CUST0150,Electronics,Bluetooth Speaker,1,1943.08,North,UPI,5.0,1943.08
ORD10070,2025-06-26,CUST0478,Sports,Yoga Mat,1,791.39,East,UPI,5.0,791.39
ORD10071,2025-11-01,CUST0194,Electronics,Smartwatch,1,1679.17,South,Credit Card,4.0,1679.17
ORD10072,2025-09-21,CUST0087,Beauty,Hair Serum,2,632.0,West,Cash on Delivery,5.0,1264.0
ORD10073,2025-09-04,CUST0051,Fashion,Cotton T-Shirt,1,1057.26,East,UPI,3.0,1057.26
ORD10074,2025-06-14,CUST0085,Electronics,Bluetooth Speaker,1,1514.98,North,UPI,5.0,1514.98
ORD10075,2025-10-30,CUST0293,Fashion,Denim Jeans,1,1536.66,South,Credit Card,4.0,1536.66
ORD10076,2025-12-08,CUST0370,Fashion,Backpack,2,1147.66,North,UPI,5.0,2295.32
ORD10077,2025-09-03,CUST0326,Home & Kitchen,Non-stick Pan,1,1369.74,West,UPI,5.0,1369.74
ORD10078,2025-06-14,CUST0134,Electronics,Wireless Earbuds,1,2573.35,East,UPI,5.0,2573.35
ORD10079,2025-06-22,CUST0193,Fashion,Denim Jeans,2,1455.37,North,Debit Card,4.0,2910.74
ORD10080,2025-06-13,CUST0069,Fashion,Running Shoes,2,1148.61,South,UPI,5.0,2297.22
ORD10081,2025-12-03,CUST0017,Electronics,Power Bank,1,1991.11,South,Debit Card,5.0,1991.11
ORD10082,2025-05-11,CUST0443,Fashion,Running Shoes,1,1750.55,West,UPI,,1750.55
ORD10083,2025-11-14,CUST0200,Fashion,Backpack,3,1257.42,North,Credit Card,4.0,3772.26
ORD10084,2025-01-26,CUST0270,Sports,Football,1,1851.1,North,Debit Card,4.0,1851.1
ORD10085,2025-08-03,CUST0014,Electronics,Bluetooth Speaker,2,2361.66,East,UPI,3.0,4723.32
ORD10086,2025-06-20,CUST0409,Electronics,Smartwatch,1,2310.92,East,Credit Card,4.0,2310.92
ORD10087,2025-11-07,CUST0379,Sports,Resistance Bands,1,1881.03,West,UPI,5.0,1881.03
ORD10088,2025-08-24,CUST0389,Fashion,Sunglasses,1,1775.13,East,UPI,4.0,1775.13
ORD10089,2025-11-20,CUST0377,Fashion,Denim Jeans,2,714.9,East,UPI,,1429.8
ORD10090,2025-07-17,CUST0260,Beauty,Lipstick,3,890.89,North,Net Banking,5.0,2672.67
ORD10091,2025-11-26,CUST0054,Home & Kitchen,Coffee Mug,1,1443.45,West,Cash on Delivery,,1443.45
ORD10092,2025-06-27,CUST0089,Sports,Football,1,1557.78,East,Credit Card,3.0,1557.78
ORD10093,2025-05-03,CUST0261,Sports,Skipping Rope,1,1395.67,East,UPI,4.0,1395.67
ORD10094,2025-06-25,CUST0040,Electronics,Bluetooth Speaker,1,701.62,West,Credit Card,,701.62
ORD10095,2025-02-09,CUST0059,Home & Kitchen,LED Desk Lamp,1,1235.65,North,UPI,4.0,1235.65
ORD10096,2025-07-10,CUST0426,Sports,Cricket Bat,1,1787.38,North,UPI,5.0,1787.38
ORD10097,2025-09-15,CUST0017,Electronics,Power Bank,-1,1767.67,North,UPI,1.0,-1767.67
ORD10098,2025-03-15,CUST0404,Beauty,Lipstick,1,714.27,East,UPI,4.0,714.27
ORD10099,2025-07-12,CUST0251,Beauty,Face Wash,1,656.04,North,Debit Card,2.0,656.04
ORD10100,2025-02-27,CUST0271,Electronics,Bluetooth Speaker,1,896.35,West,Debit Card,4.0,896.35
ORD10101,2025-01-22,CUST0357,Electronics,Power Bank,1,2669.14,East,Credit Card,4.0,2669.14
ORD10102,2025-02-27,CUST0271,Sports,Yoga Mat,2,893.92,South,Credit Card,4.0,1787.84
ORD10103,2025-11-05,CUST0024,Electronics,Smartwatch,1,1633.23,West,Debit Card,5.0,1633.23
ORD10104,2025-08-24,CUST0386,Fashion,Cotton T-Shirt,1,637.31,West,UPI,4.0,637.31
ORD10105,2025-11-16,CUST0425,Electronics,Smartphone Case,1,2935.75,North,Credit Card,3.0,2935.75
ORD10106,2025-02-15,CUST0353,Electronics,Wireless Earbuds,1,1746.22,South,UPI,4.0,1746.22
ORD10107,2025-06-03,CUST0375,Electronics,Power Bank,1,830.79,East,Net Banking,3.0,830.79
ORD10108,2025-09-19,CUST0084,Sports,Yoga Mat,1,1343.28,South,Cash on Delivery,3.0,1343.28
ORD10109,2025-11-10,CUST0012,Sports,Cricket Bat,2,1517.45,North,UPI,5.0,3034.9
ORD10110,2025-06-22,CUST0150,Electronics,Power Bank,1,2473.25,South,Credit Card,4.0,2473.25
ORD10111,2025-02-04,CUST0442,Electronics,Bluetooth Speaker,1,1545.0,East,Credit Card,4.0,1545.0
ORD10112,2025-06-01,CUST0335,Fashion,Backpack,1,1181.09,West,Credit Card,4.0,1181.09
ORD10113,2025-09-25,CUST0478,Home & Kitchen,Coffee Mug,1,505.53,North,UPI,,505.53
ORD10114,2025-02-10,CUST0326,Electronics,Smartwatch,1,2675.87,East,UPI,4.0,2675.87
ORD10115,2025-06-13,CUST0266,Beauty,Sunscreen,3,276.32,East,UPI,4.0,828.96
ORD10116,2025-01-01,CUST0305,Home & Kitchen,Storage Box,1,986.2,West,Cash on Delivery,5.0,986.2
ORD10117,2025-09-08,CUST0119,Sports,Cricket Bat,1,317.85,North,UPI,3.0,317.85
ORD10118,2025-07-25,CUST0285,Electronics,Bluetooth Speaker,1,1492.45,West,Credit Card,5.0,1492.45
ORD10119,2025-10-21,CUST0341,Fashion,Backpack,1,760.89,North,Debit Card,4.0,760.89
ORD10120,2025-07-12,CUST0232,Sports,Resistance Bands,2,1769.58,East,UPI,5.0,3539.16
ORD10121,2025-05-27,CUST0192,Sports,Yoga Mat,2,527.75,North,Net Banking,4.0,1055.5
ORD10122,2025-09-02,CUST0454,Sports,Yoga Mat,1,1417.29,West,Cash on Delivery,4.0,1417.29
ORD10123,2025-12-10,CUST0403,Sports,Yoga Mat,1,1235.02,South,Credit Card,4.0,1235.02
ORD10124,2025-04-12,CUST0282,Fashion,Backpack,1,1301.32,West,Cash on Delivery,,1301.32
ORD10125,2025-01-12,CUST0302,Beauty,Face Wash,1,444.77,East,Net Banking,1.0,444.77
ORD10126,2025-05-04,CUST0334,Electronics,Smartwatch,3,2135.73,South,UPI,4.0,6407.1900000000005
ORD10127,2025-10-18,CUST0350,Fashion,Backpack,1,1375.45,North,Debit Card,4.0,1375.45
ORD10128,2025-10-25,CUST0047,Home & Kitchen,Non-stick Pan,2,1259.47,West,Debit Card,5.0,2518.94
ORD10129,2025-01-26,CUST0154,Sports,Yoga Mat,1,867.49,North,UPI,5.0,867.49
ORD10130,2025-12-11,CUST0226,Beauty,Moisturizer,1,275.01,South,Credit Card,4.0,275.01
ORD10131,2025-06-09,CUST0263,Fashion,Running Shoes,1,1247.02,East,Credit Card,4.0,1247.02
ORD10132,2025-10-07,CUST0232,Beauty,Face Wash,1,354.62,East,Credit Card,4.0,354.62
ORD10133,2025-07-15,CUST0200,Fashion,Cotton T-Shirt,1,1303.4,East,Credit Card,4.0,1303.4
ORD10134,2025-08-03,CUST0442,Fashion,Denim Jeans,1,1792.22,West,UPI,5.0,1792.22
ORD10135,2025-06-07,CUST0237,Electronics,Smartphone Case,1,2389.41,North,Net Banking,2.0,2389.41
ORD10136,2025-11-17,CUST0272,Beauty,Hair Serum,2,715.45,South,UPI,3.0,1430.9
ORD10137,2025-08-25,CUST0407,Electronics,Smartphone Case,1,718.11,West,Cash on Delivery,4.0,718.11
ORD10138,2025-04-11,CUST0158,Beauty,Hair Serum,1,619.96,East,UPI,4.0,619.96
ORD10139,2025-06-12,CUST0281,Beauty,Sunscreen,1,629.73,South,UPI,5.0,629.73
ORD10140,2025-01-25,CUST0012,Electronics,Smartwatch,1,803.4,West,Credit Card,4.0,803.4
ORD10141,2025-11-12,CUST0005,Fashion,Denim Jeans,2,325.53,East,Credit Card,3.0,651.06
ORD10142,2025-02-25,CUST0263,Sports,Football,1,713.43,East,UPI,5.0,713.43
ORD10143,2025-04-11,CUST0116,Sports,Yoga Mat,1,477.74,South,Debit Card,4.0,477.74
ORD10144,2025-03-27,CUST0471,Home & Kitchen,Coffee Mug,3,743.15,North,Credit Card,4.0,2229.45
ORD10145,2025-08-01,CUST0405,Electronics,Smartphone Case,1,660.54,West,UPI,4.0,660.54
ORD10146,2025-04-22,CUST0397,Electronics,Power Bank,2,1689.05,North,UPI,5.0,3378.1
ORD10147,2025-03-01,CUST0247,Sports,Resistance Bands,1,1692.98,East,Cash on Delivery,5.0,1692.98
ORD10148,2025-12-09,CUST0087,Home & Kitchen,Storage Box,1,864.89,East,UPI,3.0,864.89
ORD10149,2025-05-28,CUST0028,Electronics,Smartwatch,2,1382.13,South,Credit Card,5.0,2764.26
ORD10150,2025-02-07,CUST0463,Beauty,Moisturizer,1,319.88,North,UPI,5.0,319.88
ORD10151,2025-08-05,CUST0374,Beauty,Face Wash,1,368.62,South,Net Banking,5.0,368.62
ORD10152,2025-01-11,CUST0473,Home & Kitchen,LED Desk Lamp,1,322.52,North,UPI,,322.52
ORD10153,2025-06-23,CUST0431,Home & Kitchen,Water Bottle,1,611.0,North,Debit Card,4.0,611.0
ORD10154,2025-08-12,CUST0029,Beauty,Hair Serum,1,181.38,East,UPI,,181.38
ORD10155,2025-10-05,CUST0295,Fashion,Backpack,1,1061.54,East,Cash on Delivery,4.0,1061.54
ORD10156,2025-05-24,CUST0354,Electronics,Smartphone Case,2,2353.28,North,Credit Card,5.0,4706.56
ORD10157,2025-03-07,CUST0209,Home & Kitchen,Water Bottle,1,205.8,North,Debit Card,5.0,205.8
ORD10158,2025-08-11,CUST0024,Home & Kitchen,Water Bottle,1,677.8,North,UPI,5.0,677.8
ORD10159,2025-07-21,CUST0014,Electronics,Smartwatch,1,1387.73,East,UPI,4.0,1387.73
ORD10160,2025-06-07,CUST0109,Beauty,Moisturizer,2,206.79,East,Net Banking,4.0,413.58
ORD10161,2025-06-22,CUST0251,Beauty,Lipstick,1,314.46,East,Debit Card,4.0,314.46
ORD10162,2025-05-28,CUST0400,Electronics,Power Bank,2,794.84,North,Credit Card,,1589.68
ORD10163,2025-04-23,CUST0035,Electronics,Bluetooth Speaker,1,1965.2,South,Cash on Delivery,5.0,1965.2
ORD10164,2025-03-15,CUST0280,Electronics,Wireless Earbuds,2,2264.05,East,Debit Card,4.0,4528.1
ORD10165,2025-02-26,CUST0220,Home & Kitchen,Storage Box,2,288.65,North,UPI,5.0,577.3
ORD10166,2025-08-05,CUST0441,Sports,Resistance Bands,2,1835.27,South,UPI,5.0,3670.54
ORD10167,2025-06-09,CUST0384,Electronics,Smartphone Case,1,2907.49,East,Credit Card,,2907.49
ORD10168,2025-11-01,CUST0196,Electronics,Smartphone Case,1,2929.01,South,UPI,5.0,2929.01
ORD10169,2025-03-02,CUST0198,Home & Kitchen,Coffee Mug,2,1119.19,West,Credit Card,3.0,2238.38
ORD10170,2025-03-07,CUST0294,Home & Kitchen,Non-stick Pan,1,1173.07,West,Credit Card,3.0,1173.07
ORD10171,2025-01-20,CUST0116,Beauty,Sunscreen,1,243.69,West,UPI,4.0,243.69
ORD10172,2025-03-07,CUST0436,Sports,Resistance Bands,1,433.58,South,Credit Card,3.0,433.58
ORD10173,2025-09-25,CUST0047,Fashion,Running Shoes,1,1488.28,North,Cash on Delivery,5.0,1488.28
ORD10174,2025-09-20,CUST0008,Fashion,Backpack,1,1644.78,West,Debit Card,4.0,1644.78
ORD10175,2025-02-01,CUST0158,Fashion,Running Shoes,1,778.5,East,UPI,5.0,778.5
ORD10176,2025-11-21,CUST0189,Fashion,Running Shoes,1,1378.03,South,UPI,,1378.03
ORD10177,2025-12-30,CUST0277,Electronics,Power Bank,1,1393.5,North,UPI,5.0,1393.5
ORD10178,2025-02-10,CUST0108,Fashion,Denim Jeans,2,1219.67,South,Net Banking,5.0,2439.34
ORD10179,2025-03-07,CUST0247,Electronics,Smartphone Case,1,508.54,North,Debit Card,5.0,508.54
ORD10180,2025-08-15,CUST0252,Fashion,Sunglasses,2,1437.87,East,UPI,,2875.74
ORD10181,2025-04-01,CUST0334,Home & Kitchen,Water Bottle,1,695.1,South,UPI,4.0,695.1
ORD10182,2025-03-24,CUST0073,Electronics,Wireless Earbuds,3,2564.1,South,Cash on Delivery,4.0,7692.299999999999
ORD10183,2025-11-13,CUST0309,Sports,Football,1,1691.94,North,UPI,5.0,1691.94
ORD10184,2025-09-21,CUST0062,Electronics,Power Bank,2,1325.02,West,UPI,5.0,2650.04
ORD10185,2025-09-12,CUST0393,Sports,Resistance Bands,1,1168.17,East,Cash on Delivery,5.0,1168.17
ORD10186,2025-12-09,CUST0093,Home & Kitchen,Coffee Mug,1,1205.04,North,Net Banking,4.0,1205.04
ORD10187,2025-05-12,CUST0472,Beauty,Lipstick,1,877.07,East,Debit Card,5.0,877.07
ORD10188,2025-07-29,CUST0093,Home & Kitchen,Non-stick Pan,1,381.03,South,Debit Card,4.0,381.03
ORD10189,2025-11-08,CUST0353,Fashion,Backpack,1,1580.2,South,Cash on Delivery,5.0,1580.2
ORD10190,2025-11-06,CUST0423,Fashion,Running Shoes,2,429.64,East,UPI,5.0,859.28
ORD10191,2025-11-29,CUST0109,Electronics,Bluetooth Speaker,2,912.01,East,UPI,5.0,1824.02
ORD10192,2025-01-08,CUST0146,Sports,Resistance Bands,2,1774.3,North,Credit Card,4.0,3548.6
ORD10193,2025-08-27,CUST0447,Fashion,Running Shoes,1,405.51,East,Debit Card,5.0,405.51
ORD10194,2025-02-20,CUST0166,Home & Kitchen,LED Desk Lamp,2,1140.16,West,Net Banking,5.0,2280.32
ORD10195,2025-08-23,CUST0279,Home & Kitchen,Storage Box,1,358.9,West,UPI,4.0,358.9
ORD10196,2025-04-09,CUST0195,Beauty,Hair Serum,1,318.71,West,Cash on Delivery,4.0,318.71
ORD10197,2025-11-09,CUST0421,Fashion,Denim Jeans,1,1087.72,West,UPI,4.0,1087.72
ORD10198,2025-05-06,CUST0321,Electronics,Power Bank,1,752.15,North,UPI,,752.15
ORD10199,2025-03-08,CUST0306,Electronics,Bluetooth Speaker,3,1459.52,South,UPI,4.0,4378.5599999999995
ORD10200,2025-05-05,CUST0285,Electronics,Smartphone Case,1,1436.01,North,Net Banking,4.0,1436.01
ORD10201,2025-03-10,CUST0042,Fashion,Backpack,1,1111.56,West,Debit Card,4.0,1111.56
ORD10202,2025-01-21,CUST0111,Fashion,Backpack,3,819.92,West,UPI,5.0,2459.7599999999998
ORD10203,2025-04-14,CUST0101,Beauty,Moisturizer,1,259.99,South,UPI,,259.99
ORD10204,2025-11-06,CUST0020,Sports,Skipping Rope,1,1638.87,South,UPI,,1638.87
ORD10205,2025-10-31,CUST0446,Sports,Resistance Bands,1,1163.28,East,Credit Card,5.0,1163.28
ORD10206,2025-06-28,CUST0163,Fashion,Denim Jeans,2,964.18,North,UPI,5.0,1928.36
ORD10207,2025-08-13,CUST0287,Fashion,Cotton T-Shirt,2,1624.2,East,Debit Card,,3248.4
ORD10208,2025-02-23,CUST0286,Electronics,Bluetooth Speaker,1,2080.36,West,UPI,,2080.36
ORD10209,2025-11-23,CUST0136,Home & Kitchen,Non-stick Pan,1,1021.78,East,Debit Card,5.0,1021.78
ORD10210,2025-07-10,CUST0355,Beauty,Moisturizer,1,454.33,South,Debit Card,5.0,454.33
ORD10211,2025-03-02,CUST0358,Home & Kitchen,Coffee Mug,1,345.81,North,UPI,4.0,345.81
ORD10212,2025-10-17,CUST0053,Fashion,Backpack,1,1692.84,West,Credit Card,4.0,1692.84
ORD10213,2025-02-22,CUST0456,Electronics,Bluetooth Speaker,1,2398.03,South,Debit Card,5.0,2398.03
ORD10214,2025-02-22,CUST0119,Fashion,Backpack,2,1079.25,North,Cash on Delivery,5.0,2158.5
ORD10215,2025-07-23,CUST0209,Beauty,Face Wash,1,685.28,North,Cash on Delivery,1.0,685.28
ORD10216,2025-11-16,CUST0100,Electronics,Wireless Earbuds,1,753.73,West,Net Banking,4.0,753.73
ORD10217,2025-06-28,CUST0394,Fashion,Backpack,1,1039.72,North,UPI,5.0,1039.72
ORD10218,2025-01-11,CUST0298,Electronics,Power Bank,3,2255.35,North,Credit Card,4.0,6766.049999999999
ORD10219,2025-10-30,CUST0229,Sports,Skipping Rope,1,574.54,West,Cash on Delivery,4.0,574.54
ORD10220,2025-11-06,CUST0263,Home & Kitchen,Water Bottle,2,989.08,North,Debit Card,,1978.16
ORD10221,2025-11-06,CUST0138,Electronics,Power Bank,1,2724.54,South,UPI,5.0,2724.54
ORD10222,2025-12-03,CUST0024,Electronics,Smartphone Case,1,1533.11,East,Cash on Delivery,2.0,1533.11
ORD10223,2025-12-06,CUST0170,Fashion,Cotton T-Shirt,1,628.71,East,Cash on Delivery,3.0,628.71
ORD10224,2025-06-02,CUST0461,Electronics,Smartwatch,2,1793.9,West,Cash on Delivery,2.0,3587.8
ORD10225,2025-08-05,CUST0226,Sports,Yoga Mat,1,1889.41,South,Debit Card,4.0,1889.41
ORD10226,2025-04-14,CUST0233,Electronics,Smartphone Case,2,2461.97,North,Debit Card,5.0,4923.94
ORD10227,2025-10-28,CUST0321,Sports,Yoga Mat,1,1373.93,South,Cash on Delivery,4.0,1373.93
ORD10228,2025-06-23,CUST0434,Fashion,Cotton T-Shirt,1,310.76,South,Debit Card,4.0,310.76
ORD10229,2025-10-21,CUST0006,Sports,Football,2,1230.53,South,UPI,2.0,2461.06
ORD10230,2025-11-29,CUST0184,Beauty,Lipstick,1,626.4,East,Net Banking,5.0,626.4
ORD10231,2025-10-01,CUST0059,Electronics,Wireless Earbuds,1,681.7,South,Debit Card,4.0,681.7
ORD10232,2025-09-04,CUST0081,Sports,Resistance Bands,1,1050.91,North,Credit Card,5.0,1050.91
ORD10233,2025-03-15,CUST0360,Fashion,Cotton T-Shirt,2,1126.99,West,Debit Card,3.0,2253.98
ORD10234,2025-12-15,CUST0129,Fashion,Cotton T-Shirt,1,476.75,North,Debit Card,4.0,476.75
ORD10235,2025-04-04,CUST0468,Fashion,Sunglasses,2,1164.68,East,Credit Card,5.0,2329.36
ORD10236,2025-12-31,CUST0278,Sports,Resistance Bands,3,1922.56,West,UPI,,5767.68
ORD10237,2025-11-08,CUST0327,Home & Kitchen,Water Bottle,1,566.24,West,Credit Card,5.0,566.24
ORD10238,2025-08-30,CUST0475,Beauty,Hair Serum,1,790.27,North,Net Banking,5.0,790.27
ORD10239,2025-02-09,CUST0433,Fashion,Running Shoes,1,1459.86,South,UPI,4.0,1459.86
ORD10240,2025-11-14,CUST0103,Electronics,Smartwatch,1,1975.08,South,UPI,4.0,1975.08
ORD10241,2025-11-28,CUST0190,Electronics,Power Bank,1,2156.62,West,UPI,4.0,2156.62
ORD10242,2025-02-16,CUST0059,Electronics,Bluetooth Speaker,2,2961.15,South,Debit Card,2.0,5922.3
ORD10243,2025-05-19,CUST0357,Electronics,Wireless Earbuds,1,1703.67,North,Credit Card,5.0,1703.67
ORD10244,2025-03-29,CUST0126,Fashion,Cotton T-Shirt,1,446.35,South,UPI,3.0,446.35
ORD10245,2025-11-04,CUST0337,Electronics,Power Bank,1,796.19,South,UPI,5.0,796.19
ORD10246,2025-12-05,CUST0216,Beauty,Moisturizer,2,781.46,East,Cash on Delivery,5.0,1562.92
ORD10247,2025-07-12,CUST0080,Sports,Skipping Rope,1,1915.82,North,Cash on Delivery,4.0,1915.82
ORD10248,2025-01-22,CUST0083,Fashion,Denim Jeans,1,674.7,East,UPI,4.0,674.7
ORD10249,2025-05-06,CUST0069,Electronics,Power Bank,1,977.57,North,Cash on Delivery,4.0,977.57
ORD10250,2025-08-02,CUST0079,Fashion,Running Shoes,1,859.88,North,Cash on Delivery,5.0,859.88
ORD10251,2025-01-29,CUST0322,Home & Kitchen,Storage Box,1,213.92,West,UPI,4.0,213.92
ORD10252,2025-08-07,CUST0280,Beauty,Moisturizer,1,704.12,East,Net Banking,5.0,704.12
ORD10253,2025-08-18,CUST0309,Electronics,Smartwatch,1,1574.94,North,Net Banking,4.0,1574.94
ORD10254,2025-12-18,CUST0154,Home & Kitchen,Non-stick Pan,1,975.97,South,Debit Card,4.0,975.97
ORD10255,2025-09-05,CUST0305,Sports,Football,1,1269.12,South,Net Banking,4.0,1269.12
ORD10256,2025-10-15,CUST0341,Beauty,Moisturizer,1,394.28,West,Credit Card,4.0,394.28
ORD10257,2025-09-05,CUST0245,Fashion,Cotton T-Shirt,1,1305.01,West,Debit Card,1.0,1305.01
ORD10258,2025-03-10,CUST0016,Electronics,Wireless Earbuds,1,2776.92,North,Net Banking,5.0,2776.92
ORD10259,2025-06-13,CUST0238,Beauty,Lipstick,2,706.16,North,Debit Card,4.0,1412.32
ORD10260,2025-12-11,CUST0258,Electronics,Bluetooth Speaker,1,2661.98,East,UPI,5.0,2661.98
ORD10261,2025-04-24,CUST0185,Fashion,Backpack,1,395.01,North,Credit Card,4.0,395.01
ORD10262,2025-07-26,CUST0413,Fashion,Backpack,1,316.24,North,UPI,5.0,316.24
ORD10263,2025-10-30,CUST0023,Sports,Football,1,1150.26,North,Debit Card,3.0,1150.26
ORD10264,2025-11-07,CUST0336,Sports,Football,1,724.12,West,UPI,4.0,724.12
ORD10265,2025-02-08,CUST0313,Home & Kitchen,Water Bottle,1,1288.28,North,UPI,4.0,1288.28
ORD10266,2025-04-22,CUST0150,Fashion,Backpack,1,301.99,South,UPI,4.0,301.99
ORD10267,2025-05-02,CUST0247,Beauty,Lipstick,1,604.81,North,UPI,4.0,604.81
ORD10268,2025-05-17,CUST0434,Beauty,Lipstick,1,675.61,South,Credit Card,5.0,675.61
ORD10269,2025-02-17,CUST0325,Electronics,Smartwatch,1,792.01,East,Debit Card,5.0,792.01
ORD10270,2025-08-29,CUST0282,Sports,Yoga Mat,1,637.33,North,UPI,5.0,637.33
ORD10271,2025-04-03,CUST0339,Home & Kitchen,Non-stick Pan,2,632.72,West,Credit Card,4.0,1265.44
ORD10272,2025-08-20,CUST0360,Electronics,Wireless Earbuds,1,1201.2,West,UPI,5.0,1201.2
ORD10273,2025-11-29,CUST0182,Electronics,Smartphone Case,2,1582.68,East,Debit Card,5.0,3165.36
ORD10274,2025-11-27,CUST0348,Fashion,Backpack,1,311.55,East,UPI,3.0,311.55
ORD10275,2025-05-16,CUST0355,Electronics,Power Bank,1,1869.08,East,Debit Card,5.0,1869.08
ORD10276,2025-08-08,CUST0245,Electronics,Wireless Earbuds,1,895.7,East,UPI,4.0,895.7
ORD10277,2025-11-09,CUST0081,Beauty,Lipstick,1,529.29,East,UPI,4.0,529.29
ORD10278,2025-03-03,CUST0156,Fashion,Cotton T-Shirt,1,1707.6,South,UPI,5.0,1707.6
ORD10279,2025-07-26,CUST0028,Beauty,Moisturizer,2,673.21,North,Credit Card,4.0,1346.42
ORD10280,2025-03-20,CUST0232,Fashion,Running Shoes,1,1299.27,East,Credit Card,5.0,1299.27
ORD10281,2025-07-01,CUST0061,Electronics,Bluetooth Speaker,2,2917.16,West,Net Banking,4.0,5834.32
ORD10282,2025-09-26,CUST0304,Electronics,Smartwatch,1,555.06,South,UPI,1.0,555.06
ORD10283,2025-12-22,CUST0138,Sports,Yoga Mat,1,1761.76,South,UPI,5.0,1761.76
ORD10284,2025-03-15,CUST0028,Beauty,Moisturizer,1,433.35,South,UPI,,433.35
ORD10285,2025-09-03,CUST0055,Sports,Cricket Bat,2,1429.88,West,UPI,,2859.76
ORD10286,2025-02-28,CUST0143,Home & Kitchen,Non-stick Pan,1,402.07,North,UPI,5.0,402.07
ORD10287,2025-04-22,CUST0156,Fashion,Denim Jeans,1,979.37,South,Credit Card,4.0,979.37
ORD10288,2025-10-19,CUST0474,Home & Kitchen,LED Desk Lamp,1,971.31,North,Debit Card,5.0,971.31
ORD10289,2025-01-07,CUST0073,Sports,Skipping Rope,1,1797.02,West,UPI,5.0,1797.02
ORD10290,2025-09-21,CUST0273,Home & Kitchen,Non-stick Pan,2,650.76,West,Net Banking,3.0,1301.52
ORD10291,2025-03-12,CUST0084,Fashion,Denim Jeans,1,1002.66,West,Debit Card,,1002.66
ORD10292,2025-04-20,CUST0013,Fashion,Running Shoes,1,329.78,North,UPI,5.0,329.78
ORD10293,2025-01-31,CUST0238,Electronics,Smartphone Case,1,1907.52,South,UPI,4.0,1907.52
ORD10294,2025-09-04,CUST0089,Sports,Yoga Mat,3,582.77,East,Debit Card,5.0,1748.31
ORD10295,2025-12-03,CUST0332,Sports,Football,2,1397.1,South,Cash on Delivery,4.0,2794.2
ORD10296,2025-10-22,CUST0467,Beauty,Moisturizer,1,862.58,East,Credit Card,5.0,862.58
ORD10297,2025-02-08,CUST0451,Fashion,Backpack,2,718.12,North,UPI,5.0,1436.24
ORD10298,2025-07-19,CUST0076,Fashion,Sunglasses,1,1477.46,South,Cash on Delivery,5.0,1477.46
ORD10299,2025-05-07,CUST0127,Electronics,Wireless Earbuds,1,1044.52,East,UPI,4.0,1044.52
ORD10300,2025-09-30,CUST0111,Electronics,Power Bank,1,1091.71,West,Credit Card,4.0,1091.71
ORD10301,2025-09-03,CUST0269,Beauty,Moisturizer,1,447.4,East,Debit Card,2.0,447.4
ORD10302,2025-04-26,CUST0313,Home & Kitchen,Water Bottle,1,359.42,South,Cash on Delivery,4.0,359.42
ORD10303,2025-07-27,CUST0190,Electronics,Smartphone Case,1,623.04,East,Debit Card,4.0,623.04
ORD10304,2025-12-17,CUST0434,Electronics,Bluetooth Speaker,-1,1091.33,South,Debit Card,4.0,-1091.33
ORD10305,2025-08-15,CUST0273,Electronics,Wireless Earbuds,1,1230.29,East,UPI,4.0,1230.29
ORD10306,2025-09-01,CUST0105,Home & Kitchen,Coffee Mug,2,1451.37,South,Credit Card,5.0,2902.74
ORD10307,2025-10-11,CUST0388,Electronics,Bluetooth Speaker,1,1357.47,North,UPI,4.0,1357.47
ORD10308,2025-01-25,CUST0360,Beauty,Sunscreen,2,827.57,East,Cash on Delivery,5.0,1655.14
ORD10309,2025-09-28,CUST0140,Beauty,Face Wash,1,791.1,West,UPI,5.0,791.1
ORD10310,2025-03-07,CUST0372,Electronics,Wireless Earbuds,1,1354.27,North,Credit Card,4.0,1354.27
ORD10311,2025-10-04,CUST0091,Home & Kitchen,Non-stick Pan,1,257.82,West,Cash on Delivery,5.0,257.82
ORD10312,2025-02-09,CUST0237,Home & Kitchen,Water Bottle,1,1273.52,North,UPI,3.0,1273.52
ORD10313,2025-03-14,CUST0423,Home & Kitchen,Coffee Mug,2,1001.03,North,Credit Card,4.0,2002.06
ORD10314,2025-04-04,CUST0076,Sports,Cricket Bat,1,341.34,South,UPI,,341.34
ORD10315,2025-07-10,CUST0190,Home & Kitchen,Non-stick Pan,1,298.37,West,UPI,4.0,298.37
ORD10316,2025-03-19,CUST0269,Electronics,Wireless Earbuds,2,1913.22,South,UPI,,3826.44
ORD10317,2025-11-01,CUST0242,Electronics,Smartphone Case,1,2003.21,West,Credit Card,5.0,2003.21
ORD10318,2025-01-19,CUST0122,Electronics,Power Bank,2,609.1,West,Cash on Delivery,5.0,1218.2
ORD10319,2025-02-19,CUST0239,Fashion,Running Shoes,1,918.76,North,Credit Card,2.0,918.76
ORD10320,2025-12-12,CUST0201,Sports,Cricket Bat,1,1529.1,South,Cash on Delivery,3.0,1529.1
ORD10321,2025-05-05,CUST0060,Fashion,Denim Jeans,1,1427.6,South,Cash on Delivery,5.0,1427.6
ORD10322,2025-04-18,CUST0229,Electronics,Smartphone Case,1,2786.65,West,UPI,5.0,2786.65
ORD10323,2025-05-19,CUST0454,Home & Kitchen,LED Desk Lamp,2,503.07,South,UPI,4.0,1006.14
ORD10324,2025-09-08,CUST0329,Home & Kitchen,Coffee Mug,2,796.55,North,Debit Card,4.0,1593.1
ORD10325,2025-08-25,CUST0127,Fashion,Cotton T-Shirt,1,1494.82,North,Debit Card,5.0,1494.82
ORD10326,2025-01-11,CUST0121,Electronics,Bluetooth Speaker,2,2869.63,South,UPI,2.0,5739.26
ORD10327,2025-07-06,CUST0333,Home & Kitchen,LED Desk Lamp,1,597.36,South,UPI,3.0,597.36
ORD10328,2025-01-12,CUST0090,Home & Kitchen,Storage Box,1,611.82,North,Credit Card,4.0,611.82
ORD10329,2025-03-12,CUST0275,Sports,Resistance Bands,1,1176.4,North,UPI,4.0,1176.4
ORD10330,2025-05-28,CUST0030,Sports,Football,2,1696.87,South,Debit Card,4.0,3393.74
ORD10331,2025-12-22,CUST0239,Home & Kitchen,Coffee Mug,2,497.99,West,UPI,5.0,995.98
ORD10332,2025-12-09,CUST0106,Electronics,Smartwatch,2,1400.19,South,UPI,4.0,2800.38
ORD10333,2025-12-07,CUST0316,Fashion,Running Shoes,2,1000.52,East,Credit Card,5.0,2001.04
ORD10334,2025-03-29,CUST0225,Electronics,Bluetooth Speaker,2,1889.48,South,UPI,5.0,3778.96
ORD10335,2025-04-16,CUST0012,Beauty,Moisturizer,2,654.38,North,Cash on Delivery,,1308.76
ORD10336,2025-11-12,CUST0225,Beauty,Moisturizer,1,497.05,East,Debit Card,4.0,497.05
ORD10337,2025-01-22,CUST0012,Electronics,Smartwatch,1,2252.46,South,Credit Card,1.0,2252.46
ORD10338,2025-06-25,CUST0159,Electronics,Smartphone Case,1,2077.44,West,Credit Card,5.0,2077.44
ORD10339,2025-05-05,CUST0314,Home & Kitchen,Storage Box,1,1290.77,South,UPI,5.0,1290.77
ORD10340,2025-12-22,CUST0365,Fashion,Sunglasses,1,1555.3,North,UPI,5.0,1555.3
ORD10341,2025-12-03,CUST0044,Home & Kitchen,Storage Box,1,373.95,East,UPI,4.0,373.95
ORD10342,2025-07-25,CUST0471,Beauty,Lipstick,1,339.86,West,Cash on Delivery,5.0,339.86
ORD10343,2025-11-22,CUST0129,Sports,Football,2,931.32,South,UPI,4.0,1862.64
ORD10344,2025-02-23,CUST0337,Sports,Skipping Rope,2,784.05,South,Cash on Delivery,5.0,1568.1
ORD10345,2025-05-11,CUST0243,Home & Kitchen,Non-stick Pan,2,943.44,South,Debit Card,5.0,1886.88
ORD10346,2025-03-27,CUST0346,Electronics,Power Bank,1,1729.14,North,Credit Card,5.0,1729.14
ORD10347,2025-07-30,CUST0011,Home & Kitchen,Storage Box,2,285.7,North,Credit Card,5.0,571.4
ORD10348,2025-08-08,CUST0317,Electronics,Wireless Earbuds,2,2523.81,West,Debit Card,5.0,5047.62
ORD10349,2025-04-27,CUST0116,Fashion,Running Shoes,1,1685.16,East,Credit Card,5.0,1685.16
ORD10350,2025-12-14,CUST0054,Fashion,Running Shoes,2,479.67,South,UPI,4.0,959.34
ORD10351,2025-09-30,CUST0358,Electronics,Power Bank,1,784.35,South,Debit Card,4.0,784.35
ORD10352,2025-01-07,CUST0230,Home & Kitchen,Non-stick Pan,1,819.64,West,UPI,4.0,819.64
ORD10353,2025-05-12,CUST0253,Home & Kitchen,Storage Box,1,972.8,North,UPI,5.0,972.8
ORD10354,2025-05-26,CUST0039,Home & Kitchen,Non-stick Pan,1,1329.92,West,Debit Card,5.0,1329.92
ORD10355,2025-03-07,CUST0442,Beauty,Lipstick,1,854.66,West,UPI,4.0,854.66
ORD10356,2025-04-11,CUST0350,Home & Kitchen,Water Bottle,1,1362.58,North,Net Banking,3.0,1362.58
ORD10357,2025-08-23,CUST0171,Beauty,Face Wash,1,189.92,South,Debit Card,,189.92
ORD10358,2025-01-11,CUST0134,Beauty,Moisturizer,2,565.02,South,Credit Card,1.0,1130.04
ORD10359,2025-08-12,CUST0042,Electronics,Power Bank,1,2063.13,North,Cash on Delivery,5.0,2063.13
ORD10360,2025-05-03,CUST0077,Fashion,Sunglasses,1,602.44,West,Cash on Delivery,4.0,602.44
ORD10361,2025-06-28,CUST0333,Electronics,Power Bank,1,676.89,North,Cash on Delivery,5.0,676.89
ORD10362,2025-01-01,CUST0188,Beauty,Face Wash,1,851.7,North,Credit Card,4.0,851.7
ORD10363,2025-05-14,CUST0444,Fashion,Running Shoes,1,512.83,North,UPI,4.0,512.83
ORD10364,2025-08-20,CUST0006,Beauty,Face Wash,1,180.07,East,UPI,4.0,180.07
ORD10365,2025-05-28,CUST0461,Electronics,Wireless Earbuds,1,2492.79,North,UPI,5.0,2492.79
ORD10366,2025-01-26,CUST0151,Sports,Football,2,1960.89,North,UPI,5.0,3921.78
ORD10367,2025-07-06,CUST0127,Electronics,Power Bank,1,1803.71,South,Credit Card,4.0,1803.71
ORD10368,2025-06-22,CUST0065,Fashion,Backpack,1,1722.91,South,UPI,5.0,1722.91
ORD10369,2025-05-26,CUST0371,Beauty,Sunscreen,1,576.72,West,UPI,4.0,576.72
ORD10370,2025-05-14,CUST0177,Electronics,Bluetooth Speaker,1,2360.84,North,UPI,4.0,2360.84
ORD10371,2025-01-25,CUST0322,Home & Kitchen,Non-stick Pan,1,514.35,West,UPI,4.0,514.35
ORD10372,2025-08-29,CUST0126,Electronics,Smartphone Case,1,812.44,East,Cash on Delivery,5.0,812.44
ORD10373,2025-01-25,CUST0439,Beauty,Lipstick,2,350.6,South,Credit Card,5.0,701.2
ORD10374,2025-02-17,CUST0381,Home & Kitchen,Non-stick Pan,1,1128.37,West,UPI,5.0,1128.37
ORD10375,2025-06-03,CUST0146,Home & Kitchen,Non-stick Pan,2,1351.02,West,Cash on Delivery,1.0,2702.04
ORD10376,2025-04-05,CUST0298,Beauty,Sunscreen,1,252.22,West,Credit Card,5.0,252.22
ORD10377,2025-11-04,CUST0157,Electronics,Wireless Earbuds,1,2200.2,South,Cash on Delivery,5.0,2200.2
ORD10378,2025-10-03,CUST0070,Home & Kitchen,LED Desk Lamp,1,1147.1,South,UPI,4.0,1147.1
ORD10379,2025-08-02,CUST0217,Fashion,Sunglasses,1,596.95,South,Debit Card,3.0,596.95
ORD10380,2025-01-07,CUST0080,Home & Kitchen,Storage Box,1,546.64,West,Cash on Delivery,4.0,546.64
ORD10381,2025-01-10,CUST0337,Beauty,Lipstick,2,660.91,East,UPI,4.0,1321.82
ORD10382,2025-03-16,CUST0328,Fashion,Backpack,2,1727.58,West,UPI,5.0,3455.16
ORD10383,2025-06-06,CUST0283,Beauty,Sunscreen,2,275.64,West,UPI,3.0,551.28
ORD10384,2025-11-27,CUST0432,Electronics,Bluetooth Speaker,1,2089.12,West,Cash on Delivery,5.0,2089.12
ORD10385,2025-09-27,CUST0050,Electronics,Power Bank,1,2241.56,South,UPI,3.0,2241.56
ORD10386,2025-10-19,CUST0189,Fashion,Denim Jeans,1,1243.44,North,UPI,5.0,1243.44
ORD10387,2025-11-30,CUST0038,Sports,Cricket Bat,1,1137.58,North,Credit Card,4.0,1137.58
ORD10388,2025-02-25,CUST0128,Fashion,Cotton T-Shirt,1,915.06,South,Credit Card,4.0,915.06
ORD10389,2025-12-16,CUST0201,Beauty,Sunscreen,1,407.76,South,UPI,1.0,407.76
ORD10390,2025-06-06,CUST0260,Sports,Resistance Bands,1,457.5,North,UPI,5.0,457.5
ORD10391,2025-04-15,CUST0113,Beauty,Moisturizer,2,711.7,South,Cash on Delivery,4.0,1423.4
ORD10392,2025-03-20,CUST0146,Fashion,Sunglasses,2,346.58,West,Debit Card,4.0,693.16
ORD10393,2025-02-21,CUST0184,Home & Kitchen,Non-stick Pan,2,1315.39,West,UPI,5.0,2630.78
ORD10394,2025-07-01,CUST0099,Electronics,Wireless Earbuds,1,1082.92,South,Credit Card,,1082.92
ORD10395,2025-02-11,CUST0473,Beauty,Lipstick,1,372.55,West,Cash on Delivery,5.0,372.55
ORD10396,2025-10-18,CUST0277,Fashion,Cotton T-Shirt,2,1595.98,West,UPI,5.0,3191.96
ORD10397,2025-03-06,CUST0108,Electronics,Power Bank,2,1755.16,North,UPI,4.0,3510.32
ORD10398,2025-01-02,CUST0438,Home & Kitchen,Water Bottle,1,1234.37,North,,5.0,1234.37
ORD10399,2025-10-06,CUST0055,Electronics,Wireless Earbuds,3,1023.74,South,Net Banking,3.0,3071.2200000000003
ORD10400,2025-12-02,CUST0034,Beauty,Face Wash,3,619.75,South,Credit Card,5.0,1859.25
ORD10401,2025-02-12,CUST0226,Beauty,Moisturizer,1,415.97,East,Credit Card,4.0,415.97
ORD10402,2025-07-10,CUST0284,Fashion,Running Shoes,1,1698.43,North,Credit Card,5.0,1698.43
ORD10403,2025-04-24,CUST0074,Electronics,Power Bank,2,1356.32,East,UPI,3.0,2712.64
ORD10404,2025-05-25,CUST0273,Electronics,Wireless Earbuds,1,2621.31,North,Net Banking,4.0,2621.31
ORD10405,2025-07-02,CUST0017,Beauty,Sunscreen,1,375.1,South,Debit Card,4.0,375.1
ORD10406,2025-02-16,CUST0436,Sports,Cricket Bat,2,1550.83,South,Debit Card,4.0,3101.66
ORD10407,2025-05-11,CUST0363,Home & Kitchen,Coffee Mug,1,1189.83,West,Cash on Delivery,,1189.83
ORD10408,2025-07-08,CUST0348,Beauty,Hair Serum,2,439.6,East,Credit Card,5.0,879.2
ORD10409,2025-03-31,CUST0410,Electronics,Smartphone Case,1,1710.72,West,Credit Card,4.0,1710.72
ORD10410,2025-09-26,CUST0234,Sports,Cricket Bat,1,343.12,West,UPI,5.0,343.12
ORD10411,2025-05-10,CUST0272,Beauty,Hair Serum,1,726.31,South,Net Banking,5.0,726.31
ORD10412,2025-10-05,CUST0019,Fashion,Backpack,1,1220.2,South,Cash on Delivery,3.0,1220.2
ORD10413,2025-03-10,CUST0093,Beauty,Lipstick,1,550.51,North,Credit Card,5.0,550.51
ORD10414,2025-02-04,CUST0010,Beauty,Moisturizer,1,218.54,East,UPI,4.0,218.54
ORD10415,2025-12-25,CUST0130,Home & Kitchen,Storage Box,1,1001.35,North,Debit Card,4.0,1001.35
ORD10416,2025-05-20,CUST0008,Fashion,Running Shoes,1,800.66,East,Credit Card,5.0,800.66
ORD10417,2025-12-08,CUST0422,Beauty,Moisturizer,1,525.78,West,Cash on Delivery,4.0,525.78
ORD10418,2025-05-25,CUST0057,Beauty,Moisturizer,1,401.95,North,Credit Card,4.0,401.95
ORD10419,2025-09-01,CUST0282,Electronics,Wireless Earbuds,2,1098.55,South,Cash on Delivery,4.0,2197.1
ORD10420,2025-10-14,CUST0291,Fashion,Sunglasses,1,1564.99,West,UPI,5.0,1564.99
ORD10421,2025-01-30,CUST0431,Fashion,Sunglasses,1,1448.89,North,Credit Card,5.0,1448.89
ORD10422,2025-10-06,CUST0112,Home & Kitchen,Water Bottle,1,743.88,East,Credit Card,4.0,743.88
ORD10423,2025-04-14,CUST0470,Fashion,Denim Jeans,1,448.37,East,UPI,4.0,448.37
ORD10424,2025-01-16,CUST0308,Beauty,Hair Serum,1,552.01,East,UPI,4.0,552.01
ORD10425,2025-12-21,CUST0421,Electronics,Power Bank,1,959.11,West,Credit Card,4.0,959.11
ORD10426,2025-05-31,CUST0300,Fashion,Sunglasses,3,1777.71,South,Cash on Delivery,5.0,5333.13
ORD10427,2025-11-21,CUST0106,Electronics,Power Bank,2,1468.93,South,Cash on Delivery,3.0,2937.86
ORD10428,2025-02-02,CUST0399,Fashion,Sunglasses,1,1684.5,North,Credit Card,4.0,1684.5
ORD10429,2025-12-17,CUST0061,Fashion,Backpack,1,1763.93,West,Debit Card,5.0,1763.93
ORD10430,2025-04-15,CUST0116,Home & Kitchen,LED Desk Lamp,1,514.31,North,Credit Card,4.0,514.31
ORD10431,2025-12-13,CUST0132,Fashion,Running Shoes,2,1310.06,East,Credit Card,5.0,2620.12
ORD10432,2025-10-26,CUST0452,Electronics,Bluetooth Speaker,1,2773.83,West,UPI,4.0,2773.83
ORD10433,2025-12-08,CUST0044,Beauty,Face Wash,2,171.81,North,Cash on Delivery,5.0,343.62
ORD10434,2025-01-16,CUST0062,Electronics,Power Bank,1,1226.19,South,Debit Card,,1226.19
ORD10435,2025-04-27,CUST0453,Electronics,Wireless Earbuds,1,2848.81,South,UPI,4.0,2848.81
ORD10436,2025-07-12,CUST0185,Beauty,Sunscreen,2,165.39,North,Credit Card,,330.78
ORD10437,2025-11-02,CUST0266,Fashion,Running Shoes,1,1638.96,South,Cash on Delivery,5.0,1638.96
ORD10438,2025-05-07,CUST0277,Fashion,Backpack,1,374.76,East,UPI,4.0,374.76
ORD10439,2025-08-25,CUST0055,Fashion,Cotton T-Shirt,1,422.86,North,UPI,5.0,422.86
ORD10440,2025-03-28,CUST0315,Fashion,Running Shoes,2,1705.46,South,UPI,4.0,3410.92
ORD10441,2025-01-19,CUST0429,Fashion,Backpack,2,730.27,North,UPI,3.0,1460.54
ORD10442,2025-07-15,CUST0344,Beauty,Sunscreen,1,607.51,West,UPI,5.0,607.51
ORD10443,2025-09-28,CUST0213,Electronics,Wireless Earbuds,1,1338.61,North,Credit Card,4.0,1338.61
ORD10444,2025-12-08,CUST0428,Electronics,Power Bank,1,2916.42,South,Net Banking,5.0,2916.42
ORD10445,2025-02-07,CUST0398,Fashion,Backpack,1,1376.25,South,Cash on Delivery,,1376.25
ORD10446,2025-07-13,CUST0088,Fashion,Backpack,1,709.21,North,Debit Card,2.0,709.21
ORD10447,2025-06-27,CUST0017,Sports,Cricket Bat,1,1370.79,North,Debit Card,5.0,1370.79
ORD10448,2025-07-17,CUST0357,Home & Kitchen,LED Desk Lamp,1,713.04,South,UPI,3.0,713.04
ORD10449,2025-11-28,CUST0052,Sports,Skipping Rope,1,1500.89,North,Credit Card,5.0,1500.89
ORD10450,2025-10-04,CUST0310,Electronics,Bluetooth Speaker,1,2940.14,South,UPI,4.0,2940.14
ORD10451,2025-06-04,CUST0066,Electronics,Smartwatch,1,956.16,South,Debit Card,5.0,956.16
ORD10452,2025-08-15,CUST0268,Fashion,Running Shoes,2,1663.62,South,Credit Card,4.0,3327.24
ORD10453,2025-02-04,CUST0162,Fashion,Sunglasses,1,1167.97,South,UPI,4.0,1167.97
ORD10454,2025-01-20,CUST0381,Fashion,Cotton T-Shirt,1,994.98,South,Debit Card,4.0,994.98
ORD10455,2025-03-30,CUST0133,Sports,Cricket Bat,1,1660.85,North,Debit Card,3.0,1660.85
ORD10456,2025-03-20,CUST0156,Fashion,Denim Jeans,1,1491.52,South,Debit Card,4.0,1491.52
ORD10457,2025-06-30,CUST0007,Sports,Cricket Bat,1,633.76,North,UPI,4.0,633.76
ORD10458,2025-02-22,CUST0179,Sports,Resistance Bands,2,1367.44,South,Credit Card,5.0,2734.88
ORD10459,2025-04-07,CUST0164,Home & Kitchen,Water Bottle,3,729.26,West,Debit Card,5.0,2187.7799999999997
ORD10460,2025-04-13,CUST0448,Electronics,Power Bank,2,2378.49,West,Cash on Delivery,4.0,4756.98
ORD10461,2025-04-24,CUST0218,Beauty,Moisturizer,1,419.04,East,Debit Card,5.0,419.04
ORD10462,2025-09-11,CUST0208,Electronics,Smartwatch,1,755.32,South,UPI,5.0,755.32
ORD10463,2025-11-14,CUST0021,Beauty,Moisturizer,1,561.93,North,Debit Card,2.0,561.93
ORD10464,2025-10-29,CUST0080,Beauty,Moisturizer,1,716.48,West,UPI,4.0,716.48
ORD10465,2025-08-20,CUST0249,Sports,Yoga Mat,1,1196.38,East,UPI,2.0,1196.38
ORD10466,2025-08-08,CUST0322,Beauty,Lipstick,2,361.85,East,Cash on Delivery,,723.7
ORD10467,2025-06-02,CUST0087,Home & Kitchen,Storage Box,1,1002.77,West,Debit Card,4.0,1002.77
ORD10468,2025-03-06,CUST0311,Sports,Cricket Bat,1,1629.62,North,UPI,4.0,1629.62
ORD10469,2025-01-24,CUST0438,Sports,Yoga Mat,1,1379.37,West,Credit Card,4.0,1379.37
ORD10470,2025-04-25,CUST0178,Beauty,Moisturizer,2,886.95,South,UPI,,1773.9
ORD10471,2025-06-10,CUST0164,Electronics,Smartphone Case,1,2140.41,North,Credit Card,4.0,2140.41
ORD10472,2025-08-05,CUST0357,Electronics,Power Bank,1,1782.15,North,UPI,,1782.15
ORD10473,2025-06-18,CUST0090,Beauty,Moisturizer,1,162.25,South,Cash on Delivery,5.0,162.25
ORD10474,2025-04-11,CUST0435,Beauty,Face Wash,1,318.71,West,UPI,5.0,318.71
ORD10475,2025-05-20,CUST0171,Sports,Cricket Bat,1,1035.23,North,Cash on Delivery,5.0,1035.23
ORD10476,2025-05-26,CUST0157,Electronics,Power Bank,1,2779.52,East,UPI,4.0,2779.52
ORD10477,2025-09-27,CUST0020,Electronics,Bluetooth Speaker,3,2670.38,West,Net Banking,4.0,8011.14
ORD10478,2025-04-02,CUST0234,Electronics,Wireless Earbuds,1,708.91,North,UPI,3.0,708.91
ORD10479,2025-07-04,CUST0231,Electronics,Bluetooth Speaker,1,730.32,West,Cash on Delivery,4.0,730.32
ORD10480,2025-06-21,CUST0300,Electronics,Wireless Earbuds,1,1950.92,East,Net Banking,4.0,1950.92
ORD10481,2025-01-03,CUST0450,Beauty,Lipstick,1,595.56,North,Cash on Delivery,4.0,595.56
ORD10482,2025-02-15,CUST0098,Home & Kitchen,Storage Box,1,647.84,North,Net Banking,5.0,647.84
ORD10483,2025-11-27,CUST0384,Sports,Football,2,1045.94,North,Debit Card,5.0,2091.88
ORD10484,2025-04-07,CUST0453,Electronics,Smartwatch,1,2531.86,East,Credit Card,5.0,2531.86
ORD10485,2025-10-06,CUST0176,Electronics,Bluetooth Speaker,1,2251.86,South,Credit Card,,2251.86
ORD10486,2025-08-04,CUST0462,Beauty,Moisturizer,1,312.29,South,,5.0,312.29
ORD10487,2025-05-31,CUST0009,Home & Kitchen,Water Bottle,1,795.32,North,Credit Card,,795.32
ORD10488,2025-10-18,CUST0323,Beauty,Moisturizer,1,363.05,South,UPI,,363.05
ORD10489,2025-04-04,CUST0293,Sports,Yoga Mat,1,1140.03,North,Net Banking,4.0,1140.03
ORD10490,2025-06-23,CUST0433,Beauty,Moisturizer,2,842.8,West,UPI,4.0,1685.6
ORD10491,2025-08-20,CUST0346,Electronics,Bluetooth Speaker,1,898.17,West,Debit Card,3.0,898.17
ORD10492,2025-12-28,CUST0244,Electronics,Bluetooth Speaker,1,1799.58,North,Cash on Delivery,4.0,1799.58
ORD10493,2025-03-26,CUST0165,Home & Kitchen,Coffee Mug,3,897.86,West,Credit Card,5.0,2693.58
ORD10494,2025-01-27,CUST0255,Electronics,Wireless Earbuds,2,2163.87,West,Debit Card,3.0,4327.74
ORD10495,2025-06-18,CUST0371,Beauty,Moisturizer,1,608.84,East,Debit Card,5.0,608.84
ORD10496,2025-06-24,CUST0216,Electronics,Wireless Earbuds,1,2054.76,South,Credit Card,3.0,2054.76
ORD10497,2025-02-08,CUST0471,Fashion,Sunglasses,3,1445.85,North,Debit Card,4.0,4337.549999999999
ORD10498,2025-11-15,CUST0453,Beauty,Hair Serum,1,437.83,North,Credit Card,4.0,437.83
ORD10499,2025-09-27,CUST0093,Beauty,Sunscreen,1,420.12,South,Cash on Delivery,4.0,420.12
ORD10500,2025-08-19,CUST0120,Fashion,Cotton T-Shirt,1,1700.81,South,UPI,3.0,1700.81
ORD10501,2025-01-11,CUST0016,Electronics,Smartwatch,1,921.15,South,UPI,4.0,921.15
ORD10502,2025-09-30,CUST0422,Sports,Cricket Bat,1,1411.06,South,Debit Card,4.0,1411.06
ORD10503,2025-08-14,CUST0031,Home & Kitchen,Coffee Mug,1,1087.32,South,Cash on Delivery,3.0,1087.32
ORD10504,2025-09-13,CUST0366,Electronics,Power Bank,1,808.23,North,Debit Card,5.0,808.23
ORD10505,2025-07-01,CUST0100,Sports,Cricket Bat,-1,1652.98,East,UPI,5.0,-1652.98
ORD10506,2025-01-29,CUST0279,Home & Kitchen,Coffee Mug,1,332.03,West,Credit Card,4.0,332.03
ORD10507,2025-05-19,CUST0191,Sports,Football,2,1904.83,East,UPI,5.0,3809.66
ORD10508,2025-10-22,CUST0306,Fashion,Running Shoes,1,1792.43,East,Cash on Delivery,3.0,1792.43
ORD10509,2025-04-11,CUST0006,Fashion,Cotton T-Shirt,1,988.97,South,Credit Card,4.0,988.97
ORD10510,2025-12-03,CUST0344,Electronics,Smartphone Case,1,774.36,North,UPI,5.0,774.36
ORD10511,2025-06-17,CUST0156,Home & Kitchen,LED Desk Lamp,2,515.48,East,UPI,5.0,1030.96
ORD10512,2025-06-12,CUST0118,Home & Kitchen,LED Desk Lamp,2,609.22,North,Credit Card,4.0,1218.44
ORD10513,2025-12-20,CUST0092,Beauty,Face Wash,1,747.84,West,UPI,2.0,747.84
ORD10514,2025-12-30,CUST0404,Electronics,Power Bank,1,1945.41,North,UPI,4.0,1945.41
ORD10515,2025-10-17,CUST0372,Fashion,Sunglasses,1,1434.39,North,Credit Card,5.0,1434.39
ORD10516,2025-04-14,CUST0240,Fashion,Running Shoes,1,354.83,North,Cash on Delivery,4.0,354.83
ORD10517,2025-09-15,CUST0367,Sports,Skipping Rope,1,1423.01,North,Credit Card,5.0,1423.01
ORD10518,2025-09-03,CUST0235,Home & Kitchen,Coffee Mug,1,1273.93,South,Credit Card,3.0,1273.93
ORD10519,2025-10-25,CUST0281,Electronics,Wireless Earbuds,1,855.96,North,Debit Card,5.0,855.96
ORD10520,2025-06-25,CUST0296,Fashion,Running Shoes,1,1465.86,South,Debit Card,5.0,1465.86
ORD10521,2025-08-09,CUST0248,Sports,Cricket Bat,1,300.27,East,UPI,3.0,300.27
ORD10522,2025-08-21,CUST0039,Fashion,Denim Jeans,1,378.06,South,UPI,3.0,378.06
ORD10523,2025-09-10,CUST0080,Fashion,Backpack,1,1266.86,West,Credit Card,5.0,1266.86
ORD10524,2025-04-13,CUST0233,Electronics,Bluetooth Speaker,1,592.82,West,UPI,4.0,592.82
ORD10525,2025-05-25,CUST0033,Beauty,Hair Serum,1,623.09,West,Debit Card,4.0,623.09
ORD10526,2025-06-02,CUST0156,Sports,Skipping Rope,1,1299.94,East,Debit Card,5.0,1299.94
ORD10527,2025-03-03,CUST0337,Beauty,Lipstick,2,459.25,West,UPI,4.0,918.5
ORD10528,2025-12-28,CUST0376,Fashion,Backpack,1,1493.43,South,UPI,5.0,1493.43
ORD10529,2025-10-27,CUST0103,Sports,Resistance Bands,1,1605.12,East,Credit Card,,1605.12
ORD10530,2025-08-14,CUST0346,Fashion,Running Shoes,1,534.35,North,Debit Card,4.0,534.35
ORD10531,2025-04-02,CUST0278,Fashion,Sunglasses,1,867.01,North,Debit Card,2.0,867.01
ORD10532,2025-06-11,CUST0113,Home & Kitchen,LED Desk Lamp,3,916.19,North,Credit Card,5.0,2748.57
ORD10533,2025-05-11,CUST0355,Electronics,Smartwatch,1,2212.0,West,UPI,5.0,2212.0
ORD10534,2025-06-26,CUST0290,Electronics,Bluetooth Speaker,2,2143.87,East,Debit Card,5.0,4287.74
ORD10535,2025-11-19,CUST0432,Beauty,Lipstick,1,517.5,West,UPI,4.0,517.5
ORD10536,2025-02-18,CUST0094,Electronics,Wireless Earbuds,3,825.59,East,Net Banking,5.0,2476.77
ORD10537,2025-08-16,CUST0290,Electronics,Bluetooth Speaker,-1,1197.36,West,Credit Card,4.0,-1197.36
ORD10538,2025-12-25,CUST0077,Beauty,Moisturizer,3,743.4,West,Debit Card,5.0,2230.2
ORD10539,2025-08-17,CUST0326,Electronics,Smartwatch,1,2753.08,South,UPI,5.0,2753.08
ORD10540,2025-11-09,CUST0018,Home & Kitchen,Non-stick Pan,3,310.95,East,Debit Card,4.0,932.8499999999999
ORD10541,2025-02-21,CUST0410,Fashion,Cotton T-Shirt,1,726.82,North,UPI,4.0,726.82
ORD10542,2025-09-17,CUST0468,Home & Kitchen,Coffee Mug,1,701.4,South,UPI,5.0,701.4
ORD10543,2025-08-08,CUST0150,Sports,Cricket Bat,2,1127.19,South,Credit Card,2.0,2254.38
ORD10544,2025-11-30,CUST0156,Electronics,Bluetooth Speaker,1,1459.05,East,Cash on Delivery,4.0,1459.05
ORD10545,2025-07-22,CUST0375,Home & Kitchen,Storage Box,1,1263.17,West,Debit Card,4.0,1263.17
ORD10546,2025-01-22,CUST0454,Electronics,Smartphone Case,1,1974.43,South,Credit Card,5.0,1974.43
ORD10547,2025-09-24,CUST0425,Electronics,Power Bank,1,2357.24,East,UPI,,2357.24
ORD10548,2025-09-23,CUST0271,Home & Kitchen,Non-stick Pan,1,841.98,North,Debit Card,4.0,841.98
ORD10549,2025-03-12,CUST0327,Sports,Resistance Bands,1,1161.05,South,UPI,4.0,1161.05
ORD10550,2025-08-01,CUST0286,Home & Kitchen,Non-stick Pan,2,630.6,North,Debit Card,5.0,1261.2
ORD10551,2025-12-17,CUST0321,Electronics,Power Bank,1,2017.68,North,Cash on Delivery,4.0,2017.68
ORD10552,2025-02-23,CUST0431,Home & Kitchen,LED Desk Lamp,1,293.56,North,UPI,4.0,293.56
ORD10553,2025-02-25,CUST0022,Beauty,Face Wash,1,151.94,South,Cash on Delivery,,151.94
ORD10554,2025-06-17,CUST0134,Home & Kitchen,Storage Box,1,482.76,North,Credit Card,4.0,482.76
ORD10555,2025-02-06,CUST0381,Fashion,Cotton T-Shirt,2,351.74,West,Cash on Delivery,4.0,703.48
ORD10556,2025-07-21,CUST0194,Electronics,Wireless Earbuds,1,901.46,North,Debit Card,5.0,901.46
ORD10557,2025-11-17,CUST0320,Home & Kitchen,Coffee Mug,2,1498.68,South,UPI,1.0,2997.36
ORD10558,2025-06-11,CUST0169,Fashion,Cotton T-Shirt,3,719.68,South,Credit Card,5.0,2159.04
ORD10559,2025-02-05,CUST0426,Home & Kitchen,LED Desk Lamp,1,413.15,North,UPI,5.0,413.15
ORD10560,2025-10-22,CUST0110,Electronics,Wireless Earbuds,1,1996.21,West,Credit Card,5.0,1996.21
ORD10561,2025-11-29,CUST0369,Fashion,Cotton T-Shirt,1,727.37,North,Credit Card,5.0,727.37
ORD10562,2025-05-03,CUST0198,Fashion,Sunglasses,2,1735.87,North,UPI,5.0,3471.74
ORD10563,2025-05-12,CUST0074,Fashion,Sunglasses,1,1195.42,West,UPI,5.0,1195.42
ORD10564,2025-07-23,CUST0325,Electronics,Smartphone Case,3,1223.81,North,UPI,5.0,3671.43
ORD10565,2025-10-04,CUST0247,Electronics,Power Bank,1,2297.0,South,Credit Card,3.0,2297.0
ORD10566,2025-10-02,CUST0128,Electronics,Wireless Earbuds,2,547.5,South,UPI,5.0,1095.0
ORD10567,2025-06-18,CUST0169,Beauty,Moisturizer,1,263.22,North,Debit Card,4.0,263.22
ORD10568,2025-04-22,CUST0439,Beauty,Face Wash,1,724.43,South,Cash on Delivery,1.0,724.43
ORD10569,2025-02-14,CUST0270,Sports,Cricket Bat,2,1710.07,South,Cash on Delivery,5.0,3420.14
ORD10570,2025-10-08,CUST0465,Electronics,Smartphone Case,1,997.93,North,Cash on Delivery,4.0,997.93
ORD10571,2025-06-14,CUST0172,Sports,Cricket Bat,1,1425.57,East,Credit Card,,1425.57
ORD10572,2025-12-06,CUST0410,Electronics,Smartwatch,2,1872.57,South,UPI,4.0,3745.14
ORD10573,2025-03-18,CUST0142,Electronics,Bluetooth Speaker,1,1922.34,East,UPI,5.0,1922.34
ORD10574,2025-09-08,CUST0084,Beauty,Sunscreen,3,218.83,South,Credit Card,5.0,656.49
ORD10575,2025-02-18,CUST0206,Beauty,Lipstick,1,372.61,West,Cash on Delivery,4.0,372.61
ORD10576,2025-02-15,CUST0052,Electronics,Smartphone Case,1,2105.57,East,UPI,4.0,2105.57
ORD10577,2025-02-15,CUST0116,Home & Kitchen,Non-stick Pan,1,251.37,West,UPI,5.0,251.37
ORD10578,2025-07-29,CUST0459,Electronics,Power Bank,1,1638.06,West,Debit Card,4.0,1638.06
ORD10579,2025-04-21,CUST0130,Fashion,Running Shoes,1,611.35,East,UPI,2.0,611.35
ORD10580,2025-11-03,CUST0311,Sports,Skipping Rope,2,1474.8,South,UPI,,2949.6
ORD10581,2025-08-31,CUST0402,Fashion,Backpack,1,1177.67,West,UPI,5.0,1177.67
ORD10582,2025-10-08,CUST0014,Electronics,Smartwatch,1,543.97,North,Credit Card,5.0,543.97
ORD10583,2025-05-27,CUST0186,Home & Kitchen,Water Bottle,1,1242.45,South,UPI,4.0,1242.45
ORD10584,2025-06-01,CUST0328,Fashion,Sunglasses,1,881.15,South,Debit Card,3.0,881.15
ORD10585,2025-11-20,CUST0207,Fashion,Cotton T-Shirt,1,1134.06,South,UPI,2.0,1134.06
ORD10586,2025-07-06,CUST0351,Home & Kitchen,Water Bottle,1,825.58,South,Credit Card,5.0,825.58
ORD10587,2025-03-11,CUST0058,Electronics,Wireless Earbuds,1,1002.5,East,Credit Card,,1002.5
ORD10588,2025-04-29,CUST0231,Beauty,Sunscreen,1,382.28,East,Credit Card,,382.28
ORD10589,2025-08-06,CUST0090,Electronics,Power Bank,1,675.15,South,Credit Card,5.0,675.15
ORD10590,2025-11-09,CUST0351,Electronics,Bluetooth Speaker,1,2959.3,North,Net Banking,5.0,2959.3
ORD10591,2025-12-19,CUST0147,Beauty,Sunscreen,1,764.35,South,Credit Card,4.0,764.35
ORD10592,2025-01-26,CUST0078,Home & Kitchen,LED Desk Lamp,2,993.33,North,UPI,4.0,1986.66
ORD10593,2025-05-29,CUST0413,Sports,Skipping Rope,2,617.42,North,Credit Card,5.0,1234.84
ORD10594,2025-11-19,CUST0182,Beauty,Moisturizer,1,568.92,East,Cash on Delivery,5.0,568.92
ORD10595,2025-11-03,CUST0177,Electronics,Smartwatch,1,1161.72,West,UPI,4.0,1161.72
ORD10596,2025-09-07,CUST0283,Fashion,Backpack,2,1607.24,South,Debit Card,,3214.48
ORD10597,2025-03-20,CUST0260,Sports,Yoga Mat,1,1752.82,South,UPI,5.0,1752.82
ORD10598,2025-01-10,CUST0399,Electronics,Power Bank,1,1345.39,West,Debit Card,2.0,1345.39
ORD10599,2025-06-14,CUST0257,Home & Kitchen,Water Bottle,1,410.77,West,Net Banking,5.0,410.77
ORD10600,2025-06-13,CUST0198,Fashion,Cotton T-Shirt,3,1686.47,North,Cash on Delivery,3.0,5059.41
ORD10601,2025-05-08,CUST0337,Electronics,Smartphone Case,1,1300.78,South,UPI,5.0,1300.78
ORD10602,2025-02-28,CUST0056,Home & Kitchen,Non-stick Pan,2,1312.6,West,Debit Card,3.0,2625.2
ORD10603,2025-09-14,CUST0440,Electronics,Wireless Earbuds,1,2944.66,East,UPI,4.0,2944.66
ORD10604,2025-05-11,CUST0139,Home & Kitchen,Storage Box,2,395.89,South,UPI,,791.78
ORD10605,2025-03-06,CUST0307,Electronics,Smartphone Case,1,2668.1,North,UPI,5.0,2668.1
ORD10606,2025-08-25,CUST0473,Electronics,Wireless Earbuds,1,700.77,South,Net Banking,4.0,700.77
ORD10607,2025-11-27,CUST0113,Home & Kitchen,Non-stick Pan,1,1117.64,North,UPI,,1117.64
ORD10608,2025-05-02,CUST0427,Electronics,Bluetooth Speaker,1,2290.8,West,Credit Card,4.0,2290.8
ORD10609,2025-07-08,CUST0337,Fashion,Sunglasses,1,1077.74,North,Credit Card,4.0,1077.74
ORD10610,2025-02-23,CUST0080,Home & Kitchen,Non-stick Pan,1,1092.67,North,UPI,5.0,1092.67
ORD10611,2025-04-17,CUST0268,Electronics,Power Bank,2,820.45,East,Credit Card,4.0,1640.9
ORD10612,2025-09-16,CUST0021,Electronics,Power Bank,3,938.29,South,Debit Card,5.0,2814.87
ORD10613,2025-10-27,CUST0181,Fashion,Cotton T-Shirt,1,964.78,South,UPI,4.0,964.78
ORD10614,2025-05-09,CUST0285,Home & Kitchen,LED Desk Lamp,1,228.96,North,UPI,,228.96
ORD10615,2025-09-27,CUST0229,Beauty,Face Wash,2,719.45,North,Credit Card,4.0,1438.9
ORD10616,2025-01-29,CUST0334,Electronics,Bluetooth Speaker,3,2018.41,East,UPI,,6055.2300000000005
ORD10617,2025-02-24,CUST0112,Home & Kitchen,Non-stick Pan,-1,636.01,South,Credit Card,5.0,-636.01
ORD10618,2025-07-06,CUST0248,Electronics,Smartwatch,1,844.61,West,Credit Card,5.0,844.61
ORD10619,2025-07-08,CUST0125,Electronics,Smartwatch,1,1178.27,East,Credit Card,5.0,1178.27
ORD10620,2025-10-21,CUST0276,Electronics,Smartwatch,1,2864.95,North,Credit Card,,2864.95
ORD10621,2025-03-03,CUST0106,Beauty,Moisturizer,1,392.46,South,Debit Card,4.0,392.46
ORD10622,2025-08-30,CUST0203,Home & Kitchen,Non-stick Pan,1,309.04,South,Credit Card,2.0,309.04
ORD10623,2025-01-09,CUST0017,Electronics,Smartphone Case,1,2686.24,East,UPI,5.0,2686.24
ORD10624,2025-12-04,CUST0173,Beauty,Lipstick,1,486.2,North,Credit Card,5.0,486.2
ORD10625,2025-03-12,CUST0342,Electronics,Smartwatch,2,1749.76,North,Net Banking,5.0,3499.52
ORD10626,2025-12-14,CUST0457,Beauty,Hair Serum,2,444.76,East,Credit Card,4.0,889.52
ORD10627,2025-05-03,CUST0321,Electronics,Smartwatch,1,1609.88,West,UPI,1.0,1609.88
ORD10628,2025-07-02,CUST0272,Sports,Football,1,1421.94,East,Cash on Delivery,5.0,1421.94
ORD10629,2025-11-15,CUST0229,Home & Kitchen,Coffee Mug,2,249.8,West,Credit Card,5.0,499.6
ORD10630,2025-09-16,CUST0039,Home & Kitchen,Non-stick Pan,1,1355.59,East,UPI,5.0,1355.59
ORD10631,2025-05-22,CUST0333,Sports,Football,2,1813.45,South,Credit Card,4.0,3626.9
ORD10632,2025-08-03,CUST0171,Electronics,Wireless Earbuds,1,1707.81,West,Debit Card,5.0,1707.81
ORD10633,2025-04-05,CUST0073,Beauty,Sunscreen,1,732.41,East,UPI,5.0,732.41
ORD10634,2025-07-26,CUST0010,Beauty,Sunscreen,2,888.75,East,Net Banking,3.0,1777.5
ORD10635,2025-03-08,CUST0316,Electronics,Bluetooth Speaker,1,2036.26,South,Cash on Delivery,3.0,2036.26
ORD10636,2025-09-16,CUST0084,Sports,Skipping Rope,1,850.96,East,UPI,2.0,850.96
ORD10637,2025-12-05,CUST0316,Home & Kitchen,Storage Box,1,1292.02,North,Credit Card,3.0,1292.02
ORD10638,2025-12-31,CUST0450,Electronics,Smartphone Case,1,635.71,North,UPI,4.0,635.71
ORD10639,2025-07-07,CUST0469,Sports,Skipping Rope,1,1358.24,South,Debit Card,5.0,1358.24
ORD10640,2025-02-25,CUST0066,Electronics,Power Bank,2,1252.08,West,UPI,4.0,2504.16
ORD10641,2025-10-21,CUST0015,Beauty,Hair Serum,1,817.87,North,Credit Card,,817.87
ORD10642,2025-10-15,CUST0285,Sports,Yoga Mat,2,1750.35,South,UPI,2.0,3500.7
ORD10643,2025-06-22,CUST0174,Fashion,Running Shoes,1,345.24,South,Cash on Delivery,5.0,345.24
ORD10644,2025-02-02,CUST0364,Home & Kitchen,Water Bottle,1,199.93,North,UPI,5.0,199.93
ORD10645,2025-11-29,CUST0410,Fashion,Denim Jeans,1,1785.07,North,UPI,3.0,1785.07
ORD10646,2025-02-28,CUST0167,Fashion,Sunglasses,1,1657.92,East,Credit Card,5.0,1657.92
ORD10647,2025-11-13,CUST0191,Sports,Skipping Rope,1,311.59,East,UPI,,311.59
ORD10648,2025-11-14,CUST0438,Beauty,Face Wash,1,780.84,South,UPI,1.0,780.84
ORD10649,2025-09-28,CUST0107,Fashion,Cotton T-Shirt,2,501.86,South,UPI,1.0,1003.72
ORD10650,2025-05-14,CUST0064,Home & Kitchen,Non-stick Pan,1,1478.77,North,Net Banking,5.0,1478.77
ORD10651,2025-01-04,CUST0205,Home & Kitchen,Coffee Mug,1,320.97,West,UPI,4.0,320.97
ORD10652,2025-09-04,CUST0021,Fashion,Cotton T-Shirt,1,1023.52,West,Credit Card,4.0,1023.52
ORD10653,2025-05-07,CUST0235,Electronics,Smartwatch,1,2979.23,East,Debit Card,4.0,2979.23
ORD10654,2025-04-06,CUST0351,Home & Kitchen,Non-stick Pan,2,1035.65,North,UPI,,2071.3
ORD10655,2025-06-04,CUST0079,Electronics,Wireless Earbuds,1,736.6,North,UPI,5.0,736.6
ORD10656,2025-07-01,CUST0311,Home & Kitchen,LED Desk Lamp,2,382.13,East,UPI,4.0,764.26
ORD10657,2025-12-24,CUST0221,Electronics,Bluetooth Speaker,1,2172.37,North,Net Banking,5.0,2172.37
ORD10658,2025-06-07,CUST0122,Electronics,Smartwatch,1,2838.54,South,UPI,,2838.54
ORD10659,2025-03-18,CUST0394,Beauty,Moisturizer,2,313.79,South,Cash on Delivery,4.0,627.58
ORD10660,2025-05-29,CUST0249,Home & Kitchen,Non-stick Pan,1,554.11,East,Debit Card,4.0,554.11
ORD10661,2025-06-03,CUST0130,Fashion,Cotton T-Shirt,1,392.67,West,Credit Card,5.0,392.67
ORD10662,2025-01-31,CUST0361,Electronics,Smartphone Case,1,2306.36,North,Credit Card,5.0,2306.36
ORD10663,2025-12-30,CUST0367,Electronics,Bluetooth Speaker,1,1113.08,West,Credit Card,3.0,1113.08
ORD10664,2025-04-24,CUST0076,Fashion,Denim Jeans,2,1415.19,North,UPI,4.0,2830.38
ORD10665,2025-11-15,CUST0279,Sports,Cricket Bat,2,1214.7,North,Credit Card,4.0,2429.4
ORD10666,2025-03-07,CUST0282,Sports,Yoga Mat,1,974.98,North,UPI,4.0,974.98
ORD10667,2025-12-01,CUST0457,Home & Kitchen,Storage Box,1,668.9,East,Debit Card,,668.9
ORD10668,2025-12-02,CUST0477,Beauty,Moisturizer,2,881.06,West,Credit Card,5.0,1762.12
ORD10669,2025-08-23,CUST0313,Electronics,Power Bank,2,2406.48,South,Debit Card,5.0,4812.96
ORD10670,2025-02-11,CUST0409,Fashion,Running Shoes,1,719.69,West,Net Banking,5.0,719.69
ORD10671,2025-10-08,CUST0204,Sports,Cricket Bat,1,1159.32,East,Net Banking,4.0,1159.32
ORD10672,2025-11-20,CUST0266,Home & Kitchen,Coffee Mug,1,1336.98,South,Net Banking,2.0,1336.98
ORD10673,2025-11-15,CUST0179,Fashion,Running Shoes,1,1307.3,North,,4.0,1307.3
ORD10674,2025-06-30,CUST0351,Fashion,Running Shoes,1,1381.97,East,Credit Card,4.0,1381.97
ORD10675,2025-10-09,CUST0341,Beauty,Moisturizer,1,326.01,North,Cash on Delivery,4.0,326.01
ORD10676,2025-11-08,CUST0326,Electronics,Smartwatch,3,1807.85,South,UPI,4.0,5423.549999999999
ORD10677,2025-08-04,CUST0346,Fashion,Sunglasses,1,303.26,North,UPI,3.0,303.26
ORD10678,2025-05-08,CUST0112,Fashion,Denim Jeans,1,322.76,East,Net Banking,5.0,322.76
ORD10679,2025-02-03,CUST0086,Sports,Football,1,469.15,South,UPI,4.0,469.15
ORD10680,2025-04-03,CUST0227,Home & Kitchen,Coffee Mug,1,1381.0,East,Debit Card,2.0,1381.0
ORD10681,2025-10-20,CUST0378,Fashion,Sunglasses,1,885.13,East,Credit Card,5.0,885.13
ORD10682,2025-01-08,CUST0447,Electronics,Wireless Earbuds,2,713.0,East,Debit Card,4.0,1426.0
ORD10683,2025-07-01,CUST0184,Beauty,Hair Serum,2,635.92,South,Credit Card,2.0,1271.84
ORD10684,2025-05-15,CUST0013,Fashion,Cotton T-Shirt,2,1180.69,West,Credit Card,4.0,2361.38
ORD10685,2025-02-06,CUST0359,Beauty,Sunscreen,2,170.25,South,Credit Card,4.0,340.5
ORD10686,2025-10-27,CUST0154,Electronics,Wireless Earbuds,2,2981.89,North,Debit Card,4.0,5963.78
ORD10687,2025-02-27,CUST0094,Fashion,Cotton T-Shirt,2,495.4,North,Debit Card,5.0,990.8
ORD10688,2025-09-02,CUST0057,Home & Kitchen,Coffee Mug,1,1422.26,East,UPI,3.0,1422.26
ORD10689,2025-01-31,CUST0116,Electronics,Smartphone Case,1,2327.05,West,Credit Card,4.0,2327.05
ORD10690,2025-02-10,CUST0134,Fashion,Running Shoes,1,536.8,East,Debit Card,5.0,536.8
ORD10691,2025-03-12,CUST0158,Sports,Yoga Mat,1,1265.29,North,UPI,5.0,1265.29
ORD10692,2025-01-18,CUST0092,Electronics,Bluetooth Speaker,1,1966.83,South,Credit Card,3.0,1966.83
ORD10693,2025-03-24,CUST0191,Home & Kitchen,Water Bottle,2,965.65,South,UPI,5.0,1931.3
ORD10694,2025-05-14,CUST0303,Beauty,Sunscreen,1,485.36,East,Debit Card,,485.36
ORD10695,2025-07-27,CUST0186,Sports,Skipping Rope,2,982.4,South,UPI,,1964.8
ORD10696,2025-07-24,CUST0387,Fashion,Cotton T-Shirt,1,395.07,South,Debit Card,5.0,395.07
ORD10697,2025-09-02,CUST0176,Electronics,Bluetooth Speaker,1,1856.32,North,Cash on Delivery,5.0,1856.32
ORD10698,2025-02-24,CUST0477,Electronics,Bluetooth Speaker,2,2778.68,West,Cash on Delivery,4.0,5557.36
ORD10699,2025-09-02,CUST0018,Beauty,Lipstick,1,160.45,North,UPI,,160.45
ORD10700,2025-10-05,CUST0015,Beauty,Moisturizer,1,334.95,South,UPI,3.0,334.95
ORD10701,2025-03-17,CUST0162,Beauty,Face Wash,1,799.61,West,Credit Card,4.0,799.61
ORD10702,2025-11-03,CUST0373,Fashion,Backpack,1,1757.34,South,Net Banking,,1757.34
ORD10703,2025-11-23,CUST0325,Sports,Skipping Rope,1,1049.3,North,Credit Card,5.0,1049.3
ORD10704,2025-01-08,CUST0433,Home & Kitchen,LED Desk Lamp,1,1024.7,South,Credit Card,4.0,1024.7
ORD10705,2025-02-22,CUST0007,Electronics,Power Bank,1,2694.29,South,Cash on Delivery,5.0,2694.29
ORD10706,2025-08-28,CUST0015,Beauty,Sunscreen,2,453.21,South,UPI,4.0,906.42
ORD10707,2025-11-15,CUST0133,Home & Kitchen,Storage Box,3,579.56,South,,4.0,1738.6799999999998
ORD10708,2025-09-12,CUST0212,Fashion,Backpack,1,403.79,North,UPI,4.0,403.79
ORD10709,2025-03-04,CUST0102,Electronics,Wireless Earbuds,1,2438.94,South,Cash on Delivery,5.0,2438.94
ORD10710,2025-07-12,CUST0266,Home & Kitchen,Coffee Mug,1,742.87,West,Credit Card,5.0,742.87
ORD10711,2025-11-26,CUST0072,Electronics,Wireless Earbuds,2,1544.33,West,Debit Card,5.0,3088.66
ORD10712,2025-03-01,CUST0316,Home & Kitchen,Coffee Mug,1,225.52,North,Credit Card,4.0,225.52
ORD10713,2025-06-15,CUST0111,Electronics,Smartwatch,1,1221.98,South,UPI,4.0,1221.98
ORD10714,2025-04-08,CUST0186,Home & Kitchen,Non-stick Pan,1,729.06,North,Credit Card,4.0,729.06
ORD10715,2025-05-24,CUST0462,Fashion,Backpack,3,1759.67,South,Debit Card,4.0,5279.01
ORD10716,2025-01-28,CUST0019,Electronics,Bluetooth Speaker,1,1780.1,East,Credit Card,3.0,1780.1
ORD10717,2025-02-12,CUST0101,Electronics,Smartwatch,1,2014.54,East,Credit Card,2.0,2014.54
ORD10718,2025-06-05,CUST0348,Beauty,Moisturizer,1,502.38,South,Debit Card,5.0,502.38
ORD10719,2025-06-14,CUST0250,Home & Kitchen,Storage Box,2,478.03,West,Debit Card,5.0,956.06
ORD10720,2025-06-14,CUST0172,Electronics,Power Bank,2,2558.15,East,Credit Card,4.0,5116.3
ORD10721,2025-01-13,CUST0130,Fashion,Backpack,1,1064.37,North,UPI,5.0,1064.37
ORD10722,2025-03-02,CUST0002,Home & Kitchen,LED Desk Lamp,1,333.99,East,UPI,5.0,333.99
ORD10723,2025-03-08,CUST0348,Beauty,Moisturizer,1,163.71,North,UPI,5.0,163.71
ORD10724,2025-03-18,CUST0192,Electronics,Smartwatch,1,1844.17,West,UPI,,1844.17
ORD10725,2025-12-28,CUST0106,Electronics,Power Bank,2,1297.8,East,UPI,5.0,2595.6
ORD10726,2025-06-09,CUST0001,Sports,Yoga Mat,1,1135.85,North,Debit Card,4.0,1135.85
ORD10727,2025-04-20,CUST0199,Fashion,Denim Jeans,2,627.19,South,Cash on Delivery,4.0,1254.38
ORD10728,2025-10-03,CUST0368,Home & Kitchen,Storage Box,1,643.95,West,Debit Card,3.0,643.95
ORD10729,2025-11-13,CUST0383,Fashion,Sunglasses,1,813.57,East,UPI,4.0,813.57
ORD10730,2025-11-01,CUST0005,Beauty,Sunscreen,1,211.0,West,Debit Card,4.0,211.0
ORD10731,2025-06-26,CUST0019,Electronics,Smartwatch,1,571.49,East,UPI,4.0,571.49
ORD10732,2025-08-20,CUST0157,Electronics,Smartphone Case,2,2559.45,South,Cash on Delivery,3.0,5118.9
ORD10733,2025-11-27,CUST0109,Home & Kitchen,Coffee Mug,1,1388.41,South,UPI,4.0,1388.41
ORD10734,2025-08-18,CUST0056,Beauty,Moisturizer,1,445.61,South,UPI,3.0,445.61
ORD10735,2025-03-28,CUST0048,Fashion,Cotton T-Shirt,1,536.19,East,Debit Card,5.0,536.19
ORD10736,2025-02-19,CUST0217,Home & Kitchen,LED Desk Lamp,2,479.33,West,Debit Card,5.0,958.66
ORD10737,2025-04-05,CUST0473,Electronics,Wireless Earbuds,2,2131.48,North,Net Banking,4.0,4262.96
ORD10738,2025-03-04,CUST0236,Electronics,Smartphone Case,1,867.88,South,Credit Card,5.0,867.88
ORD10739,2025-06-28,CUST0280,Sports,Football,2,1691.17,East,Debit Card,5.0,3382.34
ORD10740,2025-06-27,CUST0089,Electronics,Smartwatch,1,2461.39,East,Credit Card,5.0,2461.39
ORD10741,2025-12-09,CUST0100,Home & Kitchen,Water Bottle,1,302.54,East,Debit Card,4.0,302.54
ORD10742,2025-08-05,CUST0096,Electronics,Wireless Earbuds,2,1638.04,West,Credit Card,4.0,3276.08
ORD10743,2025-05-12,CUST0058,Electronics,Smartwatch,1,1239.16,North,UPI,4.0,1239.16
ORD10744,2025-03-11,CUST0206,Home & Kitchen,LED Desk Lamp,1,846.57,South,Debit Card,,846.57
ORD10745,2025-01-06,CUST0084,Electronics,Bluetooth Speaker,2,596.18,North,Cash on Delivery,5.0,1192.36
ORD10746,2025-07-18,CUST0464,Beauty,Sunscreen,1,489.7,East,Debit Card,5.0,489.7
ORD10747,2025-10-05,CUST0026,Sports,Football,1,1005.62,South,Cash on Delivery,5.0,1005.62
ORD10748,2025-09-02,CUST0192,Electronics,Wireless Earbuds,2,1069.89,East,Debit Card,4.0,2139.78
ORD10749,2025-04-18,CUST0320,Beauty,Sunscreen,1,466.15,West,Debit Card,5.0,466.15
ORD10750,2025-05-21,CUST0461,Electronics,Wireless Earbuds,1,1673.61,West,Cash on Delivery,2.0,1673.61
ORD10751,2025-05-26,CUST0384,Fashion,Backpack,1,1609.73,West,UPI,5.0,1609.73
ORD10752,2025-06-16,CUST0109,Beauty,Lipstick,2,757.42,North,,5.0,1514.84
ORD10753,2025-10-31,CUST0478,Electronics,Wireless Earbuds,1,1504.33,East,Cash on Delivery,4.0,1504.33
ORD10754,2025-12-12,CUST0174,Sports,Resistance Bands,2,718.97,East,Cash on Delivery,4.0,1437.94
ORD10755,2025-12-26,CUST0095,Beauty,Lipstick,1,699.44,South,UPI,5.0,699.44
ORD10756,2025-08-24,CUST0217,Beauty,Moisturizer,1,641.08,East,Credit Card,,641.08
ORD10757,2025-07-25,CUST0309,Home & Kitchen,Water Bottle,1,1309.13,North,Credit Card,2.0,1309.13
ORD10758,2025-08-17,CUST0073,Beauty,Face Wash,1,155.43,South,UPI,5.0,155.43
ORD10759,2025-01-13,CUST0284,Beauty,Lipstick,1,160.73,South,UPI,5.0,160.73
ORD10760,2025-06-23,CUST0110,Home & Kitchen,Water Bottle,1,978.08,South,Debit Card,5.0,978.08
ORD10761,2025-01-10,CUST0339,Home & Kitchen,Coffee Mug,2,229.5,North,Cash on Delivery,5.0,459.0
ORD10762,2025-02-02,CUST0219,Home & Kitchen,Storage Box,1,850.88,East,Credit Card,3.0,850.88
ORD10763,2025-04-17,CUST0342,Sports,Skipping Rope,1,274.92,East,Debit Card,4.0,274.92
ORD10764,2025-05-05,CUST0124,Sports,Cricket Bat,1,683.94,North,Cash on Delivery,5.0,683.94
ORD10765,2025-08-05,CUST0401,Fashion,Running Shoes,1,1457.39,North,UPI,4.0,1457.39
ORD10766,2025-03-13,CUST0248,Electronics,Smartphone Case,1,2158.26,North,Net Banking,5.0,2158.26
ORD10767,2025-08-28,CUST0255,Fashion,Sunglasses,2,1560.39,North,Credit Card,5.0,3120.78
ORD10768,2025-12-01,CUST0417,Home & Kitchen,Coffee Mug,1,902.51,South,Cash on Delivery,5.0,902.51
ORD10769,2025-11-18,CUST0409,Beauty,Moisturizer,2,411.4,West,Debit Card,4.0,822.8
ORD10770,2025-01-27,CUST0464,Beauty,Lipstick,1,495.77,East,UPI,4.0,495.77
ORD10771,2025-02-12,CUST0070,Beauty,Face Wash,1,279.64,South,Debit Card,5.0,279.64
ORD10772,2025-08-06,CUST0459,Beauty,Lipstick,1,446.18,South,Cash on Delivery,4.0,446.18
ORD10773,2025-11-25,CUST0294,Electronics,Smartphone Case,2,905.63,East,UPI,3.0,1811.26
ORD10774,2025-02-22,CUST0008,Beauty,Moisturizer,2,186.55,South,Credit Card,5.0,373.1
ORD10775,2025-12-22,CUST0007,Sports,Football,1,331.32,West,UPI,4.0,331.32
ORD10776,2025-09-11,CUST0369,Home & Kitchen,Coffee Mug,3,690.44,North,Credit Card,4.0,2071.32
ORD10777,2025-07-10,CUST0230,Electronics,Bluetooth Speaker,1,916.84,North,Debit Card,3.0,916.84
ORD10778,2025-02-17,CUST0455,Electronics,Smartwatch,1,1994.46,East,UPI,,1994.46
ORD10779,2025-02-28,CUST0185,Electronics,Power Bank,1,1895.77,North,UPI,4.0,1895.77
ORD10780,2025-10-31,CUST0044,Beauty,Hair Serum,1,878.12,West,Debit Card,4.0,878.12
ORD10781,2025-09-21,CUST0021,Fashion,Backpack,1,582.39,South,Net Banking,3.0,582.39
ORD10782,2025-05-12,CUST0023,Home & Kitchen,Storage Box,1,1402.53,South,Debit Card,3.0,1402.53
ORD10783,2025-08-18,CUST0451,Electronics,Power Bank,1,2112.78,North,Debit Card,5.0,2112.78
ORD10784,2025-08-26,CUST0006,Sports,Yoga Mat,1,858.84,West,Credit Card,5.0,858.84
ORD10785,2025-10-22,CUST0366,Electronics,Bluetooth Speaker,1,2038.03,South,UPI,5.0,2038.03
ORD10786,2025-10-27,CUST0010,Fashion,Sunglasses,1,412.81,East,,4.0,412.81
ORD10787,2025-02-16,CUST0357,Electronics,Smartwatch,2,2178.36,South,Debit Card,,4356.72
ORD10788,2025-02-04,CUST0221,Electronics,Smartwatch,1,551.33,North,UPI,4.0,551.33
ORD10789,2025-07-07,CUST0451,Fashion,Denim Jeans,1,349.16,South,UPI,,349.16
ORD10790,2025-04-04,CUST0350,Electronics,Wireless Earbuds,1,2464.73,South,UPI,5.0,2464.73
ORD10791,2025-07-06,CUST0362,Sports,Yoga Mat,1,865.76,East,Debit Card,3.0,865.76
ORD10792,2025-05-14,CUST0068,Electronics,Smartwatch,1,534.51,South,Cash on Delivery,5.0,534.51
ORD10793,2025-12-03,CUST0076,Electronics,Smartphone Case,2,882.24,North,Debit Card,4.0,1764.48
ORD10794,2025-12-01,CUST0284,Electronics,Smartwatch,2,1732.77,South,Net Banking,5.0,3465.54
ORD10795,2025-05-01,CUST0416,Beauty,Moisturizer,2,837.39,South,Credit Card,5.0,1674.78
ORD10796,2025-10-02,CUST0422,Electronics,Smartwatch,2,2219.93,North,Credit Card,2.0,4439.86
ORD10797,2025-10-23,CUST0263,Fashion,Cotton T-Shirt,1,863.58,South,Credit Card,5.0,863.58
ORD10798,2025-04-27,CUST0073,Sports,Resistance Bands,2,722.28,North,UPI,2.0,1444.56
ORD10799,2025-02-13,CUST0282,Fashion,Denim Jeans,1,1472.98,South,Credit Card,3.0,1472.98
ORD10800,2025-03-12,CUST0003,Fashion,Running Shoes,1,1381.47,South,UPI,4.0,1381.47
ORD10801,2025-08-29,CUST0452,Fashion,Denim Jeans,1,777.61,East,Credit Card,5.0,777.61
ORD10802,2025-04-26,CUST0010,Beauty,Sunscreen,2,150.97,South,UPI,4.0,301.94
ORD10803,2025-06-27,CUST0285,Home & Kitchen,LED Desk Lamp,1,419.62,South,Debit Card,4.0,419.62
ORD10804,2025-03-29,CUST0448,Electronics,Power Bank,1,1937.2,East,Debit Card,5.0,1937.2
ORD10805,2025-11-25,CUST0336,Home & Kitchen,Coffee Mug,1,241.87,East,UPI,5.0,241.87
ORD10806,2025-07-18,CUST0467,Home & Kitchen,Non-stick Pan,2,1212.45,North,Net Banking,4.0,2424.9
ORD10807,2025-02-28,CUST0134,Home & Kitchen,Non-stick Pan,1,1348.94,East,UPI,4.0,1348.94
ORD10808,2025-11-09,CUST0379,Beauty,Moisturizer,1,341.58,North,Cash on Delivery,2.0,341.58
ORD10809,2025-12-14,CUST0340,Fashion,Cotton T-Shirt,1,1269.67,South,UPI,4.0,1269.67
ORD10810,2025-01-01,CUST0114,Fashion,Backpack,2,502.75,East,Credit Card,5.0,1005.5
ORD10811,2025-05-21,CUST0106,Beauty,Moisturizer,3,337.89,West,Debit Card,2.0,1013.67
ORD10812,2025-08-16,CUST0435,Fashion,Denim Jeans,1,1593.29,South,Credit Card,5.0,1593.29
ORD10813,2025-07-12,CUST0320,Home & Kitchen,Storage Box,1,400.86,West,Cash on Delivery,,400.86
ORD10814,2025-03-04,CUST0071,Fashion,Sunglasses,1,1570.96,West,Credit Card,5.0,1570.96
ORD10815,2025-05-10,CUST0244,Beauty,Sunscreen,1,540.2,West,Debit Card,5.0,540.2
ORD10816,2025-10-23,CUST0215,Fashion,Sunglasses,2,1367.28,North,UPI,5.0,2734.56
ORD10817,2025-04-14,CUST0372,Home & Kitchen,Non-stick Pan,1,270.38,North,Credit Card,4.0,270.38
ORD10818,2025-10-11,CUST0164,Electronics,Smartphone Case,2,2484.15,South,Credit Card,4.0,4968.3
ORD10819,2025-09-07,CUST0456,Sports,Skipping Rope,2,472.34,East,Credit Card,,944.68
ORD10820,2025-09-09,CUST0186,Electronics,Wireless Earbuds,1,1583.84,North,Credit Card,5.0,1583.84
ORD10821,2025-04-18,CUST0473,Home & Kitchen,Storage Box,1,1437.47,East,Cash on Delivery,5.0,1437.47
ORD10822,2025-10-15,CUST0284,Sports,Football,1,721.14,South,Credit Card,,721.14
ORD10823,2025-12-06,CUST0211,Home & Kitchen,LED Desk Lamp,2,1139.2,East,Credit Card,4.0,2278.4
ORD10824,2025-04-27,CUST0386,Home & Kitchen,Storage Box,2,375.65,West,Debit Card,5.0,751.3
ORD10825,2025-09-02,CUST0401,Fashion,Denim Jeans,1,485.36,West,Credit Card,4.0,485.36
ORD10826,2025-12-16,CUST0313,Fashion,Cotton T-Shirt,2,1658.16,South,UPI,4.0,3316.32
ORD10827,2025-01-14,CUST0057,Fashion,Sunglasses,2,774.61,West,Debit Card,,1549.22
ORD10828,2025-10-14,CUST0136,Fashion,Running Shoes,1,659.19,West,Credit Card,1.0,659.19
ORD10829,2025-03-28,CUST0256,Electronics,Wireless Earbuds,1,1004.69,East,UPI,5.0,1004.69
ORD10830,2025-01-08,CUST0302,Fashion,Sunglasses,1,316.36,North,UPI,5.0,316.36
ORD10831,2025-06-28,CUST0418,Sports,Football,2,1605.58,West,Credit Card,5.0,3211.16
ORD10832,2025-03-13,CUST0147,Electronics,Smartphone Case,2,1630.92,West,UPI,3.0,3261.84
ORD10833,2025-08-19,CUST0463,Fashion,Running Shoes,1,384.26,East,Debit Card,4.0,384.26
ORD10834,2025-10-01,CUST0283,Electronics,Wireless Earbuds,1,768.64,West,Credit Card,5.0,768.64
ORD10835,2025-12-03,CUST0436,Beauty,Face Wash,1,307.46,South,Debit Card,5.0,307.46
ORD10836,2025-05-27,CUST0443,Fashion,Sunglasses,1,1236.53,North,Debit Card,2.0,1236.53
ORD10837,2025-08-27,CUST0448,Electronics,Bluetooth Speaker,2,1731.59,North,Credit Card,3.0,3463.18
ORD10838,2025-12-10,CUST0172,Fashion,Cotton T-Shirt,1,1129.14,South,UPI,5.0,1129.14
ORD10839,2025-11-04,CUST0469,Sports,Yoga Mat,1,1641.27,North,UPI,4.0,1641.27
ORD10840,2025-11-04,CUST0079,Electronics,Bluetooth Speaker,2,2569.15,South,Credit Card,4.0,5138.3
ORD10841,2025-07-17,CUST0450,Fashion,Running Shoes,1,1112.21,East,Credit Card,4.0,1112.21
ORD10842,2025-10-18,CUST0228,Fashion,Backpack,2,554.84,East,UPI,4.0,1109.68
ORD10843,2025-03-26,CUST0112,Beauty,Sunscreen,1,307.85,North,UPI,5.0,307.85
ORD10844,2025-02-18,CUST0229,Electronics,Smartwatch,1,795.64,North,Debit Card,4.0,795.64
ORD10845,2025-06-22,CUST0276,Fashion,Sunglasses,2,1008.47,South,UPI,5.0,2016.94
ORD10846,2025-10-28,CUST0479,Fashion,Backpack,1,927.61,South,UPI,4.0,927.61
ORD10847,2025-07-21,CUST0362,Sports,Cricket Bat,2,319.85,West,Debit Card,4.0,639.7
ORD10848,2025-09-04,CUST0355,Sports,Skipping Rope,1,1689.4,West,,3.0,1689.4
ORD10849,2025-10-25,CUST0405,Fashion,Backpack,2,1044.16,South,Credit Card,4.0,2088.32
ORD10850,2025-01-26,CUST0310,Fashion,Cotton T-Shirt,2,461.19,North,Debit Card,5.0,922.38
ORD10851,2025-02-22,CUST0280,Home & Kitchen,LED Desk Lamp,3,258.13,North,UPI,3.0,774.39
ORD10852,2025-12-04,CUST0048,Beauty,Face Wash,1,372.16,North,Debit Card,5.0,372.16
ORD10853,2025-09-02,CUST0122,Fashion,Backpack,2,1128.26,West,UPI,5.0,2256.52
ORD10854,2025-05-29,CUST0281,Fashion,Backpack,1,829.7,North,Credit Card,4.0,829.7
ORD10855,2025-04-04,CUST0072,Beauty,Moisturizer,3,804.1,South,Credit Card,5.0,2412.3
ORD10856,2025-06-17,CUST0263,Home & Kitchen,Water Bottle,1,1047.59,West,Cash on Delivery,,1047.59
ORD10857,2025-03-19,CUST0097,Sports,Yoga Mat,1,887.79,South,UPI,3.0,887.79
ORD10858,2025-01-14,CUST0214,Home & Kitchen,Water Bottle,1,263.51,West,Cash on Delivery,4.0,263.51
ORD10859,2025-08-01,CUST0226,Electronics,Smartwatch,2,2732.09,East,,5.0,5464.18
ORD10860,2025-02-07,CUST0086,Fashion,Cotton T-Shirt,1,592.5,North,UPI,5.0,592.5
ORD10861,2025-04-19,CUST0420,Home & Kitchen,Coffee Mug,1,918.99,South,UPI,4.0,918.99
ORD10862,2025-09-11,CUST0173,Home & Kitchen,Coffee Mug,2,333.65,West,Debit Card,,667.3
ORD10863,2025-01-26,CUST0136,Home & Kitchen,Water Bottle,1,1186.43,North,UPI,5.0,1186.43
ORD10864,2025-12-08,CUST0333,Sports,Yoga Mat,2,1052.53,North,Credit Card,4.0,2105.06
ORD10865,2025-05-22,CUST0352,Fashion,Sunglasses,1,1079.32,West,Credit Card,5.0,1079.32
ORD10866,2025-12-05,CUST0249,Beauty,Face Wash,1,523.05,North,Debit Card,5.0,523.05
ORD10867,2025-12-29,CUST0369,Electronics,Wireless Earbuds,1,2588.77,North,UPI,5.0,2588.77
ORD10868,2025-06-22,CUST0367,Electronics,Smartphone Case,1,2002.46,West,Credit Card,4.0,2002.46
ORD10869,2025-01-26,CUST0198,Fashion,Cotton T-Shirt,1,1469.39,East,Debit Card,5.0,1469.39
ORD10870,2025-07-22,CUST0038,Home & Kitchen,Storage Box,1,778.1,East,Debit Card,,778.1
ORD10871,2025-01-21,CUST0244,Electronics,Power Bank,1,724.8,North,UPI,4.0,724.8
ORD10872,2025-01-23,CUST0475,Home & Kitchen,Coffee Mug,1,905.67,East,Credit Card,3.0,905.67
ORD10873,2025-08-11,CUST0393,Beauty,Hair Serum,3,322.28,South,Credit Card,4.0,966.8399999999999
ORD10874,2025-05-22,CUST0236,Fashion,Denim Jeans,1,636.31,North,Cash on Delivery,4.0,636.31
ORD10875,2025-02-21,CUST0262,Sports,Yoga Mat,1,493.17,South,Credit Card,5.0,493.17
ORD10876,2025-08-02,CUST0382,Fashion,Sunglasses,1,435.6,South,UPI,,435.6
ORD10877,2025-03-04,CUST0372,Fashion,Sunglasses,1,1190.18,North,UPI,4.0,1190.18
ORD10878,2025-09-28,CUST0431,Fashion,Backpack,1,1370.52,East,UPI,4.0,1370.52
ORD10879,2025-09-06,CUST0200,Fashion,Backpack,1,1425.22,North,Credit Card,4.0,1425.22
ORD10880,2025-05-27,CUST0252,Home & Kitchen,Storage Box,1,669.98,South,Net Banking,4.0,669.98
ORD10881,2025-08-06,CUST0071,Home & Kitchen,LED Desk Lamp,2,865.22,North,UPI,5.0,1730.44
ORD10882,2025-01-27,CUST0300,Electronics,Wireless Earbuds,2,682.88,North,UPI,4.0,1365.76
ORD10883,2025-12-08,CUST0258,Sports,Yoga Mat,1,316.58,West,UPI,5.0,316.58
ORD10884,2025-08-12,CUST0199,Beauty,Hair Serum,1,481.31,North,UPI,5.0,481.31
ORD10885,2025-12-13,CUST0388,Fashion,Running Shoes,2,1645.83,North,UPI,5.0,3291.66
ORD10886,2025-10-03,CUST0452,Electronics,Smartwatch,2,2233.39,South,UPI,5.0,4466.78
ORD10887,2025-12-11,CUST0475,Electronics,Smartphone Case,2,1704.23,East,,5.0,3408.46
ORD10888,2025-07-17,CUST0458,Fashion,Running Shoes,2,975.61,East,UPI,5.0,1951.22
ORD10889,2025-08-26,CUST0177,Electronics,Smartwatch,1,611.65,West,Debit Card,5.0,611.65
ORD10890,2025-05-10,CUST0262,Fashion,Denim Jeans,1,1346.47,East,Cash on Delivery,4.0,1346.47
ORD10891,2025-03-05,CUST0059,Fashion,Denim Jeans,1,840.12,East,UPI,5.0,840.12
ORD10892,2025-06-17,CUST0113,Fashion,Sunglasses,1,810.31,East,Credit Card,5.0,810.31
ORD10893,2025-01-31,CUST0291,Sports,Resistance Bands,1,1574.64,North,UPI,,1574.64
ORD10894,2025-04-27,CUST0080,Home & Kitchen,Coffee Mug,1,270.78,East,Credit Card,4.0,270.78
ORD10895,2025-10-02,CUST0239,Electronics,Smartwatch,1,803.06,South,Credit Card,5.0,803.06
ORD10896,2025-12-18,CUST0386,Electronics,Wireless Earbuds,2,1227.94,West,Debit Card,4.0,2455.88
ORD10897,2025-08-20,CUST0278,Beauty,Lipstick,1,532.09,West,,3.0,532.09
ORD10898,2025-07-29,CUST0465,Fashion,Backpack,1,1086.65,West,Debit Card,5.0,1086.65
ORD10899,2025-02-13,CUST0148,Electronics,Smartwatch,1,2903.98,South,Debit Card,3.0,2903.98
ORD10900,2025-05-21,CUST0033,Fashion,Denim Jeans,1,436.84,South,Credit Card,3.0,436.84
ORD10901,2025-08-04,CUST0343,Sports,Skipping Rope,1,529.65,South,Cash on Delivery,4.0,529.65
ORD10902,2025-10-08,CUST0142,Electronics,Power Bank,2,2646.62,South,Net Banking,5.0,5293.24
ORD10903,2025-05-28,CUST0055,Electronics,Smartwatch,1,2585.18,North,Credit Card,4.0,2585.18
ORD10904,2025-12-07,CUST0087,Sports,Resistance Bands,1,815.6,South,UPI,5.0,815.6
ORD10905,2025-05-02,CUST0331,Electronics,Bluetooth Speaker,1,2998.18,West,Net Banking,4.0,2998.18
ORD10906,2025-08-16,CUST0288,Fashion,Denim Jeans,1,1415.26,North,Credit Card,5.0,1415.26
ORD10907,2025-01-22,CUST0420,Electronics,Wireless Earbuds,1,895.89,South,Credit Card,5.0,895.89
ORD10908,2025-03-02,CUST0326,Home & Kitchen,Storage Box,1,368.94,East,Debit Card,5.0,368.94
ORD10909,2025-09-20,CUST0092,Fashion,Cotton T-Shirt,1,1346.99,South,Credit Card,4.0,1346.99
ORD10910,2025-04-17,CUST0377,Home & Kitchen,LED Desk Lamp,2,318.73,North,Cash on Delivery,,637.46
ORD10911,2025-01-13,CUST0130,Home & Kitchen,LED Desk Lamp,3,1377.93,West,Credit Card,3.0,4133.79
ORD10912,2025-03-04,CUST0286,Beauty,Hair Serum,1,219.63,North,Net Banking,5.0,219.63
ORD10913,2025-11-15,CUST0160,Home & Kitchen,Storage Box,1,603.52,North,UPI,3.0,603.52
ORD10914,2025-11-26,CUST0348,Home & Kitchen,LED Desk Lamp,1,682.96,West,Cash on Delivery,2.0,682.96
ORD10915,2025-02-22,CUST0218,Electronics,Wireless Earbuds,1,1772.22,South,Cash on Delivery,1.0,1772.22
ORD10916,2025-07-26,CUST0412,Home & Kitchen,Coffee Mug,1,708.64,East,Debit Card,5.0,708.64
ORD10917,2025-09-28,CUST0468,Beauty,Lipstick,1,891.0,North,UPI,,891.0
ORD10918,2025-03-08,CUST0451,Fashion,Sunglasses,1,1645.65,South,Credit Card,5.0,1645.65
ORD10919,2025-12-22,CUST0073,Sports,Football,3,1371.8,South,Credit Card,5.0,4115.4
ORD10920,2025-09-16,CUST0352,Beauty,Lipstick,2,340.99,West,Debit Card,,681.98
ORD10921,2025-02-24,CUST0276,Electronics,Smartwatch,1,1672.21,East,Credit Card,4.0,1672.21
ORD10922,2025-08-30,CUST0168,Home & Kitchen,Coffee Mug,1,621.18,South,Credit Card,4.0,621.18
ORD10923,2025-09-28,CUST0267,Electronics,Smartphone Case,1,1025.35,West,Debit Card,2.0,1025.35
ORD10924,2025-09-03,CUST0122,Beauty,Face Wash,1,838.18,East,UPI,4.0,838.18
ORD10925,2025-07-17,CUST0261,Home & Kitchen,Non-stick Pan,1,591.39,East,Debit Card,,591.39
ORD10926,2025-12-15,CUST0151,Sports,Skipping Rope,1,325.95,North,,3.0,325.95
ORD10927,2025-09-30,CUST0200,Fashion,Running Shoes,1,1039.36,West,UPI,4.0,1039.36
ORD10928,2025-08-19,CUST0128,Beauty,Face Wash,2,496.07,North,,5.0,992.14
ORD10929,2025-07-24,CUST0233,Electronics,Bluetooth Speaker,2,1684.93,West,,4.0,3369.86
ORD10930,2025-08-05,CUST0439,Sports,Yoga Mat,1,1320.55,North,Credit Card,4.0,1320.55
ORD10931,2025-01-30,CUST0253,Fashion,Sunglasses,1,1443.59,North,Debit Card,5.0,1443.59
ORD10932,2025-11-03,CUST0050,Beauty,Moisturizer,1,189.06,South,Debit Card,5.0,189.06
ORD10933,2025-10-26,CUST0002,Fashion,Sunglasses,2,758.9,South,UPI,5.0,1517.8
ORD10934,2025-03-30,CUST0016,Electronics,Power Bank,3,854.72,North,UPI,5.0,2564.16
ORD10935,2025-02-22,CUST0098,Beauty,Hair Serum,1,662.36,South,Credit Card,3.0,662.36
ORD10936,2025-04-22,CUST0351,Beauty,Lipstick,2,383.49,East,Cash on Delivery,5.0,766.98
ORD10937,2025-03-16,CUST0193,Fashion,Backpack,1,1718.46,North,Net Banking,4.0,1718.46
ORD10938,2025-08-03,CUST0235,Home & Kitchen,Storage Box,1,965.71,South,UPI,5.0,965.71
ORD10939,2025-04-27,CUST0468,Fashion,Cotton T-Shirt,1,1165.64,South,Debit Card,4.0,1165.64
ORD10940,2025-07-13,CUST0228,Electronics,Power Bank,1,2387.74,East,Credit Card,,2387.74
ORD10941,2025-04-05,CUST0381,Fashion,Sunglasses,3,1250.19,South,UPI,4.0,3750.57
ORD10942,2025-05-23,CUST0324,Sports,Skipping Rope,1,458.35,North,Cash on Delivery,5.0,458.35
ORD10943,2025-09-20,CUST0059,Electronics,Bluetooth Speaker,1,1985.38,South,Cash on Delivery,4.0,1985.38
ORD10944,2025-09-08,CUST0217,Electronics,Power Bank,1,1687.23,East,Cash on Delivery,4.0,1687.23
ORD10945,2025-03-05,CUST0365,Fashion,Sunglasses,1,634.85,South,Debit Card,4.0,634.85
ORD10946,2025-02-01,CUST0428,Beauty,Moisturizer,1,422.22,West,Cash on Delivery,4.0,422.22
ORD10947,2025-02-01,CUST0432,Electronics,Wireless Earbuds,1,2179.21,South,Cash on Delivery,4.0,2179.21
ORD10948,2025-07-24,CUST0292,Beauty,Hair Serum,1,580.31,South,Credit Card,5.0,580.31
ORD10949,2025-08-14,CUST0178,Electronics,Bluetooth Speaker,1,1501.26,West,UPI,4.0,1501.26
ORD10950,2025-06-10,CUST0303,Sports,Skipping Rope,1,1148.65,South,Cash on Delivery,5.0,1148.65
ORD10951,2025-09-08,CUST0380,Electronics,Wireless Earbuds,1,604.11,South,Cash on Delivery,5.0,604.11
ORD10952,2025-08-16,CUST0427,Sports,Resistance Bands,2,838.18,West,Credit Card,5.0,1676.36
ORD10953,2025-03-11,CUST0468,Sports,Cricket Bat,2,1135.15,East,UPI,4.0,2270.3
ORD10954,2025-01-12,CUST0120,Electronics,Smartphone Case,1,1558.75,East,Cash on Delivery,4.0,1558.75
ORD10955,2025-01-15,CUST0221,Beauty,Face Wash,1,400.65,West,Credit Card,5.0,400.65
ORD10956,2025-09-28,CUST0414,Electronics,Bluetooth Speaker,2,2519.96,North,,,5039.92
ORD10957,2025-06-05,CUST0142,Home & Kitchen,Water Bottle,1,1160.83,North,Cash on Delivery,5.0,1160.83
ORD10958,2025-05-30,CUST0143,Fashion,Sunglasses,1,1608.19,North,Net Banking,3.0,1608.19
ORD10959,2025-06-11,CUST0355,Fashion,Running Shoes,2,1252.81,West,UPI,4.0,2505.62
ORD10960,2025-03-27,CUST0191,Sports,Skipping Rope,2,1214.61,North,Cash on Delivery,5.0,2429.22
ORD10961,2025-10-15,CUST0198,Home & Kitchen,LED Desk Lamp,1,565.05,South,Credit Card,5.0,565.05
ORD10962,2025-12-03,CUST0103,Home & Kitchen,Coffee Mug,1,1350.18,South,Credit Card,1.0,1350.18
ORD10963,2025-12-05,CUST0266,Beauty,Moisturizer,1,605.52,South,Cash on Delivery,4.0,605.52
ORD10964,2025-09-08,CUST0131,Home & Kitchen,Storage Box,2,596.03,North,UPI,3.0,1192.06
ORD10965,2025-06-27,CUST0418,Electronics,Wireless Earbuds,1,929.78,North,Credit Card,4.0,929.78
ORD10966,2025-12-24,CUST0332,Sports,Yoga Mat,1,1247.8,West,Cash on Delivery,2.0,1247.8
ORD10967,2025-05-28,CUST0087,Electronics,Bluetooth Speaker,1,2924.47,North,Debit Card,,2924.47
ORD10968,2025-04-08,CUST0377,Sports,Yoga Mat,1,719.27,North,Debit Card,4.0,719.27
ORD10969,2025-07-08,CUST0475,Fashion,Denim Jeans,2,327.18,North,UPI,5.0,654.36
ORD10970,2025-08-01,CUST0254,Electronics,Smartwatch,1,1622.38,South,Debit Card,5.0,1622.38
ORD10971,2025-09-14,CUST0364,Fashion,Backpack,1,1637.81,West,Debit Card,4.0,1637.81
ORD10972,2025-12-02,CUST0237,Fashion,Cotton T-Shirt,2,1663.58,West,Debit Card,4.0,3327.16
ORD10973,2025-06-04,CUST0392,Home & Kitchen,LED Desk Lamp,1,342.46,West,UPI,2.0,342.46
ORD10974,2025-01-23,CUST0289,Electronics,Power Bank,1,1903.04,East,Debit Card,4.0,1903.04
ORD10975,2025-05-25,CUST0258,Fashion,Cotton T-Shirt,1,1180.06,North,Credit Card,4.0,1180.06
ORD10976,2025-09-17,CUST0279,Fashion,Sunglasses,1,539.58,West,UPI,4.0,539.58
ORD10977,2025-07-24,CUST0036,Electronics,Smartphone Case,1,1052.98,West,UPI,5.0,1052.98
ORD10978,2025-01-30,CUST0321,Electronics,Smartphone Case,2,2428.17,West,UPI,3.0,4856.34
ORD10979,2025-04-12,CUST0121,Home & Kitchen,Non-stick Pan,1,1012.88,West,,5.0,1012.88
ORD10980,2025-06-29,CUST0189,Sports,Resistance Bands,1,1575.73,West,Debit Card,4.0,1575.73
ORD10981,2025-09-17,CUST0058,Home & Kitchen,Water Bottle,2,1130.28,East,Cash on Delivery,,2260.56
ORD10982,2025-07-28,CUST0161,Beauty,Face Wash,1,238.15,North,UPI,5.0,238.15
ORD10983,2025-03-29,CUST0004,Fashion,Sunglasses,1,1047.82,South,Cash on Delivery,5.0,1047.82
ORD10984,2025-09-26,CUST0376,Home & Kitchen,Coffee Mug,1,1493.21,North,Net Banking,5.0,1493.21
ORD10985,2025-10-01,CUST0087,Electronics,Smartphone Case,3,2684.14,South,UPI,3.0,8052.42
ORD10986,2025-11-30,CUST0007,Beauty,Face Wash,1,573.17,South,UPI,5.0,573.17
ORD10987,2025-06-08,CUST0404,Fashion,Sunglasses,2,715.57,West,UPI,4.0,1431.14
ORD10988,2025-10-31,CUST0308,Home & Kitchen,Coffee Mug,1,1280.89,East,UPI,2.0,1280.89
ORD10989,2025-03-28,CUST0053,Electronics,Bluetooth Speaker,1,2744.29,East,UPI,4.0,2744.29
ORD10990,2025-06-28,CUST0253,Fashion,Backpack,1,970.31,North,UPI,5.0,970.31
ORD10991,2025-09-16,CUST0013,Fashion,Sunglasses,1,1719.19,South,UPI,,1719.19
ORD10992,2025-01-30,CUST0168,Sports,Resistance Bands,1,397.7,West,Credit Card,5.0,397.7
ORD10993,2025-03-18,CUST0256,Fashion,Running Shoes,3,1627.89,North,Cash on Delivery,,4883.67
ORD10994,2025-01-16,CUST0459,Fashion,Denim Jeans,2,958.24,East,UPI,,1916.48
ORD10995,2025-01-15,CUST0135,Electronics,Power Bank,1,621.06,East,UPI,5.0,621.06
ORD10996,2025-02-12,CUST0359,Fashion,Running Shoes,1,1511.69,West,Debit Card,5.0,1511.69
ORD10997,2025-12-19,CUST0115,Fashion,Backpack,1,1161.37,West,Credit Card,4.0,1161.37
ORD10998,2025-12-04,CUST0318,Sports,Yoga Mat,1,1515.97,South,UPI,5.0,1515.97
ORD10999,2025-04-29,CUST0053,Home & Kitchen,Non-stick Pan,1,269.02,South,UPI,4.0,269.02
ORD11000,2025-12-04,CUST0018,Electronics,Bluetooth Speaker,2,1362.19,North,Net Banking,5.0,2724.38
ORD11001,2025-10-19,CUST0414,Fashion,Backpack,2,1751.34,West,,3.0,3502.68
ORD11002,2025-10-29,CUST0099,Fashion,Running Shoes,2,979.78,North,Credit Card,5.0,1959.56
ORD11003,2025-01-22,CUST0394,Electronics,Smartphone Case,1,1184.43,West,Debit Card,3.0,1184.43
ORD11004,2025-03-23,CUST0329,Home & Kitchen,Storage Box,2,402.12,North,Credit Card,4.0,804.24
ORD11005,2025-01-08,CUST0289,Electronics,Bluetooth Speaker,1,533.15,West,UPI,5.0,533.15
ORD11006,2025-09-01,CUST0474,Home & Kitchen,Coffee Mug,1,1342.24,North,Credit Card,4.0,1342.24
ORD11007,2025-03-26,CUST0033,Fashion,Cotton T-Shirt,2,919.12,West,UPI,,1838.24
ORD11008,2025-01-22,CUST0218,Electronics,Wireless Earbuds,1,1276.98,West,Credit Card,4.0,1276.98
ORD11009,2025-12-26,CUST0007,Home & Kitchen,Coffee Mug,2,1361.14,South,Net Banking,,2722.28
ORD11010,2025-02-19,CUST0449,Home & Kitchen,Coffee Mug,1,629.25,South,Cash on Delivery,4.0,629.25
ORD11011,2025-10-23,CUST0349,Fashion,Cotton T-Shirt,1,1221.4,North,Debit Card,5.0,1221.4
ORD11012,2025-10-19,CUST0006,Home & Kitchen,LED Desk Lamp,1,1404.44,North,Debit Card,1.0,1404.44
ORD11013,2025-03-06,CUST0004,Beauty,Lipstick,1,391.0,South,Cash on Delivery,,391.0
ORD11014,2025-08-15,CUST0456,Fashion,Denim Jeans,1,856.13,South,UPI,5.0,856.13
ORD11015,2025-09-05,CUST0419,Sports,Skipping Rope,2,626.97,North,Credit Card,4.0,1253.94
ORD11016,2025-09-19,CUST0234,Beauty,Moisturizer,1,456.75,North,Net Banking,5.0,456.75
ORD11017,2025-05-27,CUST0428,Fashion,Running Shoes,3,766.52,North,Credit Card,,2299.56
ORD11018,2025-05-16,CUST0023,Electronics,Smartwatch,2,2698.5,North,UPI,,5397.0
ORD11019,2025-01-02,CUST0254,Fashion,Sunglasses,1,401.36,North,Debit Card,,401.36
ORD11020,2025-12-19,CUST0121,Sports,Cricket Bat,1,511.77,South,Cash on Delivery,,511.77
ORD11021,2025-06-09,CUST0057,Sports,Resistance Bands,1,644.19,South,Credit Card,4.0,644.19
ORD11022,2025-04-15,CUST0252,Beauty,Moisturizer,1,393.85,North,Cash on Delivery,4.0,393.85
ORD11023,2025-10-04,CUST0372,Fashion,Running Shoes,2,1150.9,East,Credit Card,,2301.8
ORD11024,2025-05-01,CUST0148,Fashion,Denim Jeans,1,983.16,East,Credit Card,,983.16
ORD11025,2025-07-18,CUST0209,Electronics,Smartphone Case,1,1962.71,South,Credit Card,4.0,1962.71
ORD11026,2025-08-31,CUST0126,Sports,Cricket Bat,1,721.67,West,UPI,3.0,721.67
ORD11027,2025-02-18,CUST0294,Electronics,Wireless Earbuds,1,1865.26,West,Credit Card,5.0,1865.26
ORD11028,2025-10-07,CUST0399,Electronics,Bluetooth Speaker,3,621.63,South,Net Banking,4.0,1864.8899999999999
ORD11029,2025-10-06,CUST0440,Electronics,Power Bank,1,2039.74,South,Cash on Delivery,5.0,2039.74
ORD11030,2025-06-27,CUST0091,Electronics,Smartwatch,1,873.18,East,Net Banking,5.0,873.18
ORD11031,2025-01-01,CUST0274,Fashion,Denim Jeans,1,1207.1,East,Credit Card,4.0,1207.1
ORD11032,2025-08-19,CUST0227,Fashion,Denim Jeans,2,396.16,West,Credit Card,4.0,792.32
ORD11033,2025-08-14,CUST0427,Fashion,Denim Jeans,1,1787.26,West,UPI,4.0,1787.26
ORD11034,2025-06-15,CUST0139,Home & Kitchen,Water Bottle,1,1485.43,South,Credit Card,,1485.43
ORD11035,2025-11-13,CUST0350,Fashion,Backpack,2,905.03,South,UPI,4.0,1810.06
ORD11036,2025-11-26,CUST0212,Sports,Football,1,1735.46,North,UPI,4.0,1735.46
ORD11037,2025-10-20,CUST0405,Sports,Resistance Bands,2,979.98,North,Debit Card,5.0,1959.96
ORD11038,2025-01-11,CUST0398,Home & Kitchen,Water Bottle,1,733.51,East,,3.0,733.51
ORD11039,2025-08-29,CUST0275,Home & Kitchen,Non-stick Pan,1,409.31,North,UPI,3.0,409.31
ORD11040,2025-07-01,CUST0072,Fashion,Backpack,1,611.79,South,Credit Card,3.0,611.79
ORD11041,2025-02-26,CUST0003,Home & Kitchen,LED Desk Lamp,1,1241.16,South,Credit Card,5.0,1241.16
ORD11042,2025-04-07,CUST0138,Fashion,Cotton T-Shirt,2,526.99,West,Credit Card,5.0,1053.98
ORD11043,2025-09-22,CUST0457,Home & Kitchen,Non-stick Pan,2,511.42,North,UPI,4.0,1022.84
ORD11044,2025-08-16,CUST0329,Home & Kitchen,Storage Box,1,1294.5,South,Debit Card,5.0,1294.5
ORD11045,2025-03-18,CUST0313,Sports,Yoga Mat,1,939.56,North,UPI,,939.56
ORD11046,2025-06-28,CUST0125,Beauty,Hair Serum,2,688.15,East,Credit Card,4.0,1376.3
ORD11047,2025-01-29,CUST0254,Beauty,Face Wash,1,586.15,East,Debit Card,4.0,586.15
ORD11048,2025-09-07,CUST0278,Sports,Football,1,903.07,East,UPI,5.0,903.07
ORD11049,2025-08-08,CUST0072,Fashion,Running Shoes,3,1342.46,West,UPI,4.0,4027.38
ORD11050,2025-03-15,CUST0064,Electronics,Wireless Earbuds,1,2478.91,North,UPI,5.0,2478.91
ORD11051,2025-09-03,CUST0041,Home & Kitchen,LED Desk Lamp,1,1124.45,North,UPI,2.0,1124.45
ORD11052,2025-07-14,CUST0471,Fashion,Sunglasses,1,789.89,North,UPI,4.0,789.89
ORD11053,2025-07-16,CUST0042,Electronics,Smartwatch,2,2165.07,South,UPI,4.0,4330.14
ORD11054,2025-04-21,CUST0285,Electronics,Wireless Earbuds,2,2503.87,North,UPI,4.0,5007.74
ORD11055,2025-03-10,CUST0226,Home & Kitchen,Coffee Mug,1,1014.92,West,Credit Card,5.0,1014.92
ORD11056,2025-09-03,CUST0151,Beauty,Lipstick,2,239.52,North,Credit Card,5.0,479.04
ORD11057,2025-03-24,CUST0461,Electronics,Bluetooth Speaker,1,1801.74,West,Cash on Delivery,4.0,1801.74
ORD11058,2025-11-10,CUST0216,Home & Kitchen,Water Bottle,1,267.67,West,UPI,4.0,267.67
ORD11059,2025-04-24,CUST0052,Beauty,Sunscreen,1,282.96,South,Credit Card,3.0,282.96
ORD11060,2025-04-20,CUST0447,Home & Kitchen,Non-stick Pan,1,1192.93,North,Net Banking,3.0,1192.93
ORD11061,2025-03-08,CUST0467,Home & Kitchen,Storage Box,1,794.95,South,UPI,4.0,794.95
ORD11062,2025-11-05,CUST0107,Electronics,Wireless Earbuds,1,1843.01,South,UPI,5.0,1843.01
ORD11063,2025-12-03,CUST0116,Home & Kitchen,Water Bottle,1,875.12,South,Debit Card,5.0,875.12
ORD11064,2025-01-27,CUST0076,Beauty,Lipstick,2,475.26,East,UPI,4.0,950.52
ORD11065,2025-01-28,CUST0081,Fashion,Cotton T-Shirt,3,701.49,East,Credit Card,4.0,2104.4700000000003
ORD11066,2025-05-03,CUST0343,Sports,Cricket Bat,1,1800.02,West,UPI,,1800.02
ORD11067,2025-11-08,CUST0010,Fashion,Cotton T-Shirt,2,1303.21,East,UPI,5.0,2606.42
ORD11068,2025-02-07,CUST0044,Fashion,Running Shoes,2,1267.41,South,Credit Card,5.0,2534.82
ORD11069,2025-03-30,CUST0389,Home & Kitchen,Non-stick Pan,2,295.03,North,UPI,4.0,590.06
ORD11070,2025-04-12,CUST0205,Fashion,Backpack,1,1543.24,South,Cash on Delivery,5.0,1543.24
ORD11071,2025-05-15,CUST0104,Fashion,Running Shoes,2,1638.71,North,UPI,5.0,3277.42
ORD11072,2025-04-21,CUST0065,Electronics,Bluetooth Speaker,2,783.01,East,UPI,4.0,1566.02
ORD11073,2025-01-20,CUST0313,Sports,Skipping Rope,1,1823.61,South,UPI,,1823.61
ORD11074,2025-02-02,CUST0359,Fashion,Running Shoes,1,1338.36,East,Cash on Delivery,5.0,1338.36
ORD11075,2025-10-05,CUST0004,Electronics,Smartphone Case,3,2913.06,South,UPI,4.0,8739.18
ORD11076,2025-07-11,CUST0044,Beauty,Hair Serum,1,622.54,North,Cash on Delivery,3.0,622.54
ORD11077,2025-05-09,CUST0146,Home & Kitchen,Coffee Mug,1,537.51,East,Cash on Delivery,4.0,537.51
ORD11078,2025-03-17,CUST0379,Home & Kitchen,Coffee Mug,1,1474.73,South,,4.0,1474.73
ORD11079,2025-02-08,CUST0233,Beauty,Hair Serum,1,264.49,South,Debit Card,5.0,264.49
ORD11080,2025-05-16,CUST0287,Home & Kitchen,Storage Box,1,434.38,West,UPI,5.0,434.38
ORD11081,2025-09-07,CUST0093,Electronics,Power Bank,1,1708.98,East,Credit Card,4.0,1708.98
ORD11082,2025-07-24,CUST0413,Electronics,Power Bank,2,2523.5,South,UPI,4.0,5047.0
ORD11083,2025-02-01,CUST0014,Electronics,Wireless Earbuds,1,2587.99,South,UPI,4.0,2587.99
ORD11084,2025-08-16,CUST0066,Home & Kitchen,Coffee Mug,1,466.82,West,Credit Card,4.0,466.82
ORD11085,2025-06-01,CUST0415,Electronics,Smartphone Case,2,1005.2,East,Debit Card,4.0,2010.4
ORD11086,2025-04-19,CUST0250,Beauty,Lipstick,1,671.51,East,Debit Card,5.0,671.51
ORD11087,2025-06-21,CUST0052,Electronics,Power Bank,1,1375.62,East,Debit Card,4.0,1375.62
ORD11088,2025-11-10,CUST0146,Beauty,Lipstick,1,192.88,South,Credit Card,4.0,192.88
ORD11089,2025-11-06,CUST0241,Beauty,Sunscreen,2,218.91,West,Net Banking,4.0,437.82
ORD11090,2025-09-16,CUST0125,Electronics,Wireless Earbuds,1,2965.22,South,Cash on Delivery,,2965.22
ORD11091,2025-07-14,CUST0359,Fashion,Running Shoes,1,1062.67,South,UPI,5.0,1062.67
ORD11092,2025-03-31,CUST0297,Sports,Cricket Bat,1,616.08,East,Cash on Delivery,4.0,616.08
ORD11093,2025-05-18,CUST0402,Fashion,Denim Jeans,2,881.14,North,UPI,4.0,1762.28
ORD11094,2025-06-19,CUST0189,Beauty,Face Wash,1,699.61,North,UPI,5.0,699.61
ORD11095,2025-08-19,CUST0352,Beauty,Lipstick,1,695.63,South,Cash on Delivery,5.0,695.63
ORD11096,2025-09-22,CUST0339,Beauty,Moisturizer,2,584.89,North,Credit Card,,1169.78
ORD11097,2025-08-04,CUST0124,Fashion,Denim Jeans,3,926.91,South,Cash on Delivery,5.0,2780.73
ORD11098,2025-07-31,CUST0470,Electronics,Smartphone Case,1,1892.8,South,Net Banking,5.0,1892.8
ORD11099,2025-11-07,CUST0189,Home & Kitchen,LED Desk Lamp,2,870.84,North,UPI,5.0,1741.68
ORD11100,2025-06-20,CUST0346,Electronics,Smartwatch,1,851.45,North,UPI,4.0,851.45
ORD11101,2025-02-11,CUST0041,Sports,Yoga Mat,1,1112.28,East,Cash on Delivery,4.0,1112.28
ORD11102,2025-04-16,CUST0197,Home & Kitchen,Water Bottle,2,1312.29,North,Credit Card,3.0,2624.58
ORD11103,2025-12-26,CUST0461,Beauty,Hair Serum,1,525.28,West,Cash on Delivery,3.0,525.28
ORD11104,2025-09-18,CUST0002,Electronics,Power Bank,3,2680.59,North,Cash on Delivery,5.0,8041.77
ORD11105,2025-06-25,CUST0015,Beauty,Moisturizer,1,613.41,West,UPI,5.0,613.41
ORD11106,2025-03-05,CUST0444,Sports,Yoga Mat,1,1775.8,North,Debit Card,4.0,1775.8
ORD11107,2025-05-20,CUST0335,Electronics,Wireless Earbuds,1,940.53,North,Debit Card,5.0,940.53
ORD11108,2025-04-08,CUST0453,Fashion,Backpack,1,575.2,East,UPI,3.0,575.2
ORD11109,2025-05-03,CUST0059,Beauty,Lipstick,2,696.9,West,Cash on Delivery,4.0,1393.8
ORD11110,2025-05-18,CUST0091,Beauty,Face Wash,1,442.5,South,UPI,5.0,442.5
ORD11111,2025-10-25,CUST0143,Fashion,Denim Jeans,1,311.09,West,UPI,5.0,311.09
ORD11112,2025-06-09,CUST0392,Home & Kitchen,Water Bottle,1,905.6,West,UPI,4.0,905.6
ORD11113,2025-08-14,CUST0153,Beauty,Face Wash,1,498.22,South,Credit Card,2.0,498.22
ORD11114,2025-03-23,CUST0176,Electronics,Power Bank,1,2660.98,North,UPI,4.0,2660.98
ORD11115,2025-11-25,CUST0204,Electronics,Bluetooth Speaker,2,917.56,East,Cash on Delivery,,1835.12
ORD11116,2025-12-26,CUST0423,Beauty,Face Wash,1,846.61,East,Credit Card,,846.61
ORD11117,2025-08-10,CUST0080,Beauty,Sunscreen,1,879.35,North,UPI,5.0,879.35
ORD11118,2025-08-16,CUST0042,Home & Kitchen,Storage Box,1,1388.83,West,UPI,5.0,1388.83
ORD11119,2025-08-02,CUST0442,Fashion,Sunglasses,1,701.01,East,Credit Card,5.0,701.01
ORD11120,2025-02-25,CUST0316,Beauty,Lipstick,1,188.49,East,UPI,5.0,188.49
ORD11121,2025-12-08,CUST0166,Electronics,Smartwatch,1,1708.76,West,UPI,2.0,1708.76
ORD11122,2025-05-24,CUST0408,Sports,Skipping Rope,1,1425.26,West,Credit Card,5.0,1425.26
ORD11123,2025-11-17,CUST0396,Sports,Resistance Bands,1,1686.79,West,Cash on Delivery,4.0,1686.79
ORD11124,2025-05-12,CUST0083,Fashion,Running Shoes,1,1258.49,North,UPI,4.0,1258.49
ORD11125,2025-10-18,CUST0396,Home & Kitchen,LED Desk Lamp,1,622.89,West,Net Banking,4.0,622.89
ORD11126,2025-05-03,CUST0040,Electronics,Wireless Earbuds,2,1970.81,West,Net Banking,4.0,3941.62
ORD11127,2025-12-17,CUST0133,Electronics,Smartwatch,1,2152.6,East,UPI,4.0,2152.6
ORD11128,2025-10-17,CUST0048,Fashion,Backpack,1,805.34,North,UPI,5.0,805.34
ORD11129,2025-01-29,CUST0324,Home & Kitchen,Storage Box,2,1307.68,East,Credit Card,5.0,2615.36
ORD11130,2025-12-23,CUST0046,Fashion,Cotton T-Shirt,2,337.94,North,Debit Card,3.0,675.88
ORD11131,2025-11-27,CUST0088,Sports,Resistance Bands,1,930.9,West,UPI,5.0,930.9
ORD11132,2025-04-23,CUST0287,Fashion,Backpack,2,1246.21,South,Debit Card,3.0,2492.42
ORD11133,2025-02-12,CUST0158,Sports,Skipping Rope,1,1113.98,South,UPI,5.0,1113.98
ORD11134,2025-02-28,CUST0288,Electronics,Wireless Earbuds,1,1891.23,West,Credit Card,4.0,1891.23
ORD11135,2025-05-06,CUST0170,Fashion,Sunglasses,1,1687.08,North,Cash on Delivery,5.0,1687.08
ORD11136,2025-10-06,CUST0192,Electronics,Smartphone Case,1,2141.06,West,UPI,4.0,2141.06
ORD11137,2025-08-18,CUST0167,Home & Kitchen,LED Desk Lamp,1,625.53,West,Debit Card,,625.53
ORD11138,2025-09-05,CUST0004,Electronics,Wireless Earbuds,1,2651.18,West,UPI,4.0,2651.18
ORD11139,2025-01-17,CUST0146,Electronics,Smartwatch,1,2242.05,North,UPI,4.0,2242.05
ORD11140,2025-12-07,CUST0412,Beauty,Sunscreen,1,720.63,North,UPI,5.0,720.63
ORD11141,2025-12-23,CUST0053,Sports,Resistance Bands,1,941.9,South,Credit Card,4.0,941.9
ORD11142,2025-03-24,CUST0303,Sports,Resistance Bands,1,1391.21,West,Credit Card,5.0,1391.21
ORD11143,2025-03-05,CUST0031,Sports,Football,1,261.96,North,Debit Card,,261.96
ORD11144,2025-10-10,CUST0032,Fashion,Denim Jeans,2,1405.23,North,Debit Card,5.0,2810.46
ORD11145,2025-07-04,CUST0404,Electronics,Bluetooth Speaker,2,2475.89,North,Cash on Delivery,5.0,4951.78
ORD11146,2025-07-16,CUST0058,Fashion,Running Shoes,1,1626.2,West,UPI,4.0,1626.2
ORD11147,2025-05-09,CUST0424,Home & Kitchen,Coffee Mug,1,460.4,West,Credit Card,4.0,460.4
ORD11148,2025-12-28,CUST0369,Home & Kitchen,Coffee Mug,2,465.01,East,Debit Card,5.0,930.02
ORD11149,2025-08-03,CUST0216,Beauty,Lipstick,1,222.28,West,Credit Card,4.0,222.28
ORD11150,2025-09-15,CUST0069,Sports,Skipping Rope,1,1077.69,East,UPI,4.0,1077.69
ORD11151,2025-04-23,CUST0159,Sports,Skipping Rope,2,357.26,East,UPI,5.0,714.52
ORD11152,2025-04-13,CUST0229,Electronics,Wireless Earbuds,2,1341.28,North,UPI,4.0,2682.56
ORD11153,2025-10-15,CUST0033,Electronics,Smartwatch,3,1360.1,East,Net Banking,5.0,4080.2999999999997
ORD11154,2025-10-24,CUST0012,Electronics,Smartwatch,1,1375.8,South,UPI,5.0,1375.8
ORD11155,2025-03-10,CUST0234,Home & Kitchen,Coffee Mug,1,1166.42,East,UPI,1.0,1166.42
ORD11156,2025-08-04,CUST0392,Electronics,Smartphone Case,1,2591.69,North,UPI,3.0,2591.69
ORD11157,2025-04-10,CUST0320,Home & Kitchen,Water Bottle,1,918.14,North,UPI,5.0,918.14
ORD11158,2025-04-07,CUST0111,Fashion,Denim Jeans,2,1193.62,East,Debit Card,4.0,2387.24
ORD11159,2025-03-12,CUST0166,Electronics,Bluetooth Speaker,3,1605.43,East,,5.0,4816.29
ORD11160,2025-06-10,CUST0201,Electronics,Bluetooth Speaker,1,1720.72,North,Credit Card,5.0,1720.72
ORD11161,2025-01-29,CUST0113,Electronics,Wireless Earbuds,1,2582.05,West,UPI,5.0,2582.05
ORD11162,2025-04-07,CUST0050,Fashion,Sunglasses,1,1569.81,West,UPI,5.0,1569.81
ORD11163,2025-07-06,CUST0447,Fashion,Sunglasses,1,967.63,South,Net Banking,3.0,967.63
ORD11164,2025-05-17,CUST0222,Home & Kitchen,Storage Box,1,442.33,East,UPI,5.0,442.33
ORD11165,2025-12-19,CUST0267,Home & Kitchen,Coffee Mug,1,610.77,South,Net Banking,5.0,610.77
ORD11166,2025-08-28,CUST0394,Sports,Football,2,755.42,West,UPI,5.0,1510.84
ORD11167,2025-10-07,CUST0322,Home & Kitchen,Storage Box,1,655.99,North,UPI,4.0,655.99
ORD11168,2025-01-23,CUST0278,Fashion,Backpack,3,987.26,South,Credit Card,4.0,2961.7799999999997
ORD11169,2025-05-14,CUST0427,Beauty,Hair Serum,2,539.62,North,UPI,4.0,1079.24
ORD11170,2025-06-28,CUST0234,Home & Kitchen,Non-stick Pan,1,1281.24,East,Debit Card,5.0,1281.24
ORD11171,2025-05-25,CUST0056,Fashion,Running Shoes,2,1716.33,East,UPI,5.0,3432.66
ORD11172,2025-01-15,CUST0040,Beauty,Hair Serum,1,895.67,West,UPI,5.0,895.67
ORD11173,2025-12-31,CUST0299,Fashion,Running Shoes,2,491.85,North,UPI,5.0,983.7
ORD11174,2025-03-29,CUST0068,Beauty,Sunscreen,1,758.95,North,Credit Card,5.0,758.95
ORD11175,2025-12-29,CUST0404,Electronics,Smartphone Case,1,2702.13,North,Credit Card,5.0,2702.13
ORD11176,2025-02-24,CUST0230,Sports,Yoga Mat,1,252.02,South,Credit Card,5.0,252.02
ORD11177,2025-12-05,CUST0204,Fashion,Cotton T-Shirt,1,1555.46,West,Credit Card,5.0,1555.46
ORD11178,2025-03-18,CUST0376,Electronics,Smartphone Case,2,1562.39,West,UPI,4.0,3124.78
ORD11179,2025-11-18,CUST0115,Beauty,Moisturizer,2,554.61,North,Net Banking,3.0,1109.22
ORD11180,2025-05-01,CUST0367,Sports,Resistance Bands,1,1134.92,South,Cash on Delivery,5.0,1134.92
ORD11181,2025-10-22,CUST0071,Sports,Skipping Rope,1,1753.74,East,Cash on Delivery,2.0,1753.74
ORD11182,2025-09-14,CUST0091,Electronics,Smartphone Case,2,2388.69,South,UPI,4.0,4777.38
ORD11183,2025-03-21,CUST0048,Fashion,Sunglasses,1,605.67,South,Debit Card,1.0,605.67
ORD11184,2025-04-10,CUST0071,Home & Kitchen,Water Bottle,2,1251.46,West,Cash on Delivery,4.0,2502.92
ORD11185,2025-12-13,CUST0038,Fashion,Denim Jeans,1,960.32,West,UPI,4.0,960.32
ORD11186,2025-02-24,CUST0239,Fashion,Backpack,1,1779.22,West,Debit Card,5.0,1779.22
ORD11187,2025-12-05,CUST0447,Beauty,Lipstick,1,806.32,West,Debit Card,5.0,806.32
ORD11188,2025-04-25,CUST0120,Sports,Yoga Mat,3,1485.43,North,Cash on Delivery,4.0,4456.29
ORD11189,2025-09-24,CUST0298,Electronics,Bluetooth Speaker,1,1730.03,West,Cash on Delivery,5.0,1730.03
ORD11190,2025-01-03,CUST0291,Home & Kitchen,Non-stick Pan,1,312.66,North,Debit Card,,312.66
ORD11191,2025-11-28,CUST0296,Electronics,Smartwatch,1,2745.82,East,Cash on Delivery,4.0,2745.82
ORD11192,2025-02-10,CUST0150,Home & Kitchen,Storage Box,1,1015.76,East,Credit Card,3.0,1015.76
ORD11193,2025-06-23,CUST0232,Fashion,Denim Jeans,1,312.3,West,Cash on Delivery,2.0,312.3
ORD11194,2025-08-30,CUST0447,Beauty,Face Wash,1,751.82,West,Credit Card,4.0,751.82
ORD11195,2025-08-20,CUST0303,Sports,Resistance Bands,3,548.36,South,UPI,4.0,1645.08
ORD11196,2025-11-15,CUST0157,Electronics,Smartphone Case,3,2432.55,West,Credit Card,4.0,7297.650000000001
ORD11197,2025-08-22,CUST0188,Sports,Skipping Rope,1,492.96,North,UPI,5.0,492.96
ORD11198,2025-01-23,CUST0302,Electronics,Power Bank,1,1512.06,South,UPI,4.0,1512.06
ORD11199,2025-09-18,CUST0405,Home & Kitchen,Coffee Mug,1,1176.15,North,Credit Card,2.0,1176.15
ORD10636,2025-09-16,CUST0084,Sports,Skipping Rope,1,850.96,East,UPI,2.0,850.96
ORD10683,2025-07-01,CUST0184,Beauty,Hair Serum,2,635.92,South,Credit Card,2.0,1271.84
ORD11033,2025-08-14,CUST0427,Fashion,Denim Jeans,1,1787.26,West,UPI,4.0,1787.26
ORD10190,2025-11-06,CUST0423,Fashion,Running Shoes,2,429.64,East,UPI,5.0,859.28
ORD11083,2025-02-01,CUST0014,Electronics,Wireless Earbuds,1,2587.99,South,UPI,4.0,2587.99
ORD10283,2025-12-22,CUST0138,Sports,Yoga Mat,1,1761.76,South,UPI,5.0,1761.76
ORD10817,2025-04-14,CUST0372,Home & Kitchen,Non-stick Pan,1,270.38,North,Credit Card,4.0,270.38
ORD10314,2025-04-04,CUST0076,Sports,Cricket Bat,1,341.34,South,UPI,,341.34
ORD10537,2025-08-16,CUST0290,Electronics,Bluetooth Speaker,1,1197.36,West,Credit Card,4.0,1197.36
ORD10664,2025-04-24,CUST0076,Fashion,Denim Jeans,2,1415.19,North,UPI,4.0,2830.38
ORD10239,2025-02-09,CUST0433,Fashion,Running Shoes,1,1459.86,South,UPI,4.0,1459.86
ORD10135,2025-06-07,CUST0237,Electronics,Smartphone Case,1,2389.41,North,Net Banking,2.0,2389.41
ORD10335,2025-04-16,CUST0012,Beauty,Moisturizer,2,654.38,North,Cash on Delivery,,1308.76
ORD10189,2025-11-08,CUST0353,Fashion,Backpack,1,1580.2,South,Cash on Delivery,5.0,1580.2
ORD10838,2025-12-10,CUST0172,Fashion,Cotton T-Shirt,1,1129.14,South,UPI,5.0,1129.14
